cycle	indiction_year	not_before	not_after	godot_uri
1	1	0311-08-29	0312-08-28	https://godot.date/id/cCcwKqjaQEt9CjctyK2JbC
1	2	0312-08-29	0313-08-28	https://godot.date/id/Zc4s6ZkCndAjntPhsSRgpM
1	3	0313-08-29	0314-08-28	https://godot.date/id/PkKQY696puS7dhybGvJ5Nf
1	4	0314-08-29	0315-08-29	https://godot.date/id/w3JhJ97mQdLxttMY5JeGAe
1	5	0315-08-30	0316-08-28	https://godot.date/id/PcewvdP2f7R8C222tbe5tW
1	6	0316-08-29	0317-08-28	https://godot.date/id/rKxorKZrsMVDvQT5jmYjEH
1	7	0317-08-29	0318-08-28	https://godot.date/id/saQ2RxikzYGVrcwyNXdKih
1	8	0318-08-29	0319-08-29	https://godot.date/id/ykvoGfZpQNSsffGWL6ryQ7
1	9	0319-08-30	0320-08-28	https://godot.date/id/ZdwjDB3BgFps5SEgKkpAGE
1	10	0320-08-29	0321-08-28	https://godot.date/id/tb4ea42QVeTVQtPrasJ7gh
1	11	0321-08-29	0322-08-28	https://godot.date/id/PNxTWZNtftB9YnuFLtG2GN
1	12	0322-08-29	0323-08-29	https://godot.date/id/FMSkU2NAqHqjrShYpuY3YA
1	13	0323-08-30	0324-08-28	https://godot.date/id/wdaTRa8syRswiLA3TdscZ6
1	14	0324-08-29	0325-08-28	https://godot.date/id/BdHs4Jp8CFjwLPo7inDqCV
1	15	0325-08-29	0326-08-28	https://godot.date/id/2P7fLwrzoco3TNVAVMJi7K
2	1	0326-08-29	0327-08-29	https://godot.date/id/Zfm9ouQURNoYuwcogZiLfX
2	2	0327-08-30	0328-08-28	https://godot.date/id/jxdMTNNFidns5YtRJp4qD6
2	3	0328-08-29	0329-08-28	https://godot.date/id/G7pPcng8rGkjjjiXqxr3Pj
2	4	0329-08-29	0330-08-28	https://godot.date/id/NvFy4yauuaWffdnYKikMFH
2	5	0330-08-29	0331-08-29	https://godot.date/id/y4DqKDUfThQdadinhfnv8f
2	6	0331-08-30	0332-08-28	https://godot.date/id/Nn8ZCX44BxULLYChrSrHqP
2	7	0332-08-29	0333-08-28	https://godot.date/id/3mQboDfAiLWk3JFVTQqoGc
2	8	0333-08-29	0334-08-28	https://godot.date/id/b79gXUikpfQpZ6h9vgL82J
2	9	0334-08-29	0335-08-29	https://godot.date/id/UMSki6rF93HaMP3nyMfaq2
2	10	0335-08-30	0336-08-28	https://godot.date/id/KF3nLfaYnuCLKcodkiESCS
2	11	0336-08-29	0337-08-28	https://godot.date/id/9GRcbwtNRTpD7pmrhychz5
2	12	0337-08-29	0338-08-28	https://godot.date/id/YouLiNbXHo263ozzChyV5i
2	13	0338-08-29	0339-08-29	https://godot.date/id/E7LTTVBBe4UvJCF44EagGQ
2	14	0339-08-30	0340-08-28	https://godot.date/id/HyAsmVVTc9kpmr6QirFHyg
2	15	0340-08-29	0341-08-28	https://godot.date/id/Vr9SZSqF3Xu7cFQvZqKCH9
3	1	0341-08-29	0342-08-28	https://godot.date/id/U7gUxdQXf5sN3ySW4rJuZA
3	2	0342-08-29	0343-08-29	https://godot.date/id/MN9b8r59o63ACrNjigAouG
3	3	0343-08-30	0344-08-28	https://godot.date/id/zUBY3boSFpra9op28GYJd3
3	4	0344-08-29	0345-08-28	https://godot.date/id/uEbjrQnCzSS45a5aNvbtkU
3	5	0345-08-29	0346-08-28	https://godot.date/id/dTHVwxJTMkdYnfNRw4QgYd
3	6	0346-08-29	0347-08-29	https://godot.date/id/ZPfYwJfgAPciXwhoCTr6Vb
3	7	0347-08-30	0348-08-28	https://godot.date/id/LnBudVKVv6xnWJUxXWif9T
3	8	0348-08-29	0349-08-28	https://godot.date/id/BS7KU73m559kNyyMew7x9Q
3	9	0349-08-29	0350-08-28	https://godot.date/id/HafwT2sCfP6KSWCZJGut25
3	10	0350-08-29	0351-08-29	https://godot.date/id/wntFvS4pSmciVzTGEyBAEg
3	11	0351-08-30	0352-08-28	https://godot.date/id/U27qkz5ThrNwJsJ5piKmVN
3	12	0352-08-29	0353-08-28	https://godot.date/id/xFRip7Jia9cs6y7f2vdECd
3	13	0353-08-29	0354-08-28	https://godot.date/id/UZ7MmH4c83LDqv53mdaR9X
3	14	0354-08-29	0355-08-29	https://godot.date/id/F6GK2BLyymLELJXxnM4WJ6
3	15	0355-08-30	0356-08-28	https://godot.date/id/zWJFyK93NevdFforkoQrJF
4	1	0356-08-29	0357-08-28	https://godot.date/id/QZvjxwkRxRmRZcwNT23Y78
4	2	0357-08-29	0358-08-28	https://godot.date/id/q6Q6KAfecWTBmB7KVtzHZT
4	3	0358-08-29	0359-08-29	https://godot.date/id/kdnRfKFJksCdHNbH39LDwj
4	4	0359-08-30	0360-08-28	https://godot.date/id/dWVnG6MbERRwBPWXNpp2qR
4	5	0360-08-29	0361-08-28	https://godot.date/id/62jDTEBgtjJWnZxvUbbfPT
4	6	0361-08-29	0362-08-28	https://godot.date/id/K7svMXHqKZGK5mokv5SN3B
4	7	0362-08-29	0363-08-29	https://godot.date/id/FbmAAgMAnFph8YXFk83yRL
4	8	0363-08-30	0364-08-28	https://godot.date/id/sm6UCHaHWtSbquBXHZi9jX
4	9	0364-08-29	0365-08-28	https://godot.date/id/Ni52oZ8sCRkx9UNeV8aZ7J
4	10	0365-08-29	0366-08-28	https://godot.date/id/EVam5fNeoSDksegAchDZe9
4	11	0366-08-29	0367-08-29	https://godot.date/id/dGtcF6vvHZp5ptguzZ55dg
4	12	0367-08-30	0368-08-28	https://godot.date/id/BKHVTZXt3HDscnZan63HxZ
4	13	0368-08-29	0369-08-28	https://godot.date/id/YmAFz4Dm3hvWtvQAQ3QrWY
4	14	0369-08-29	0370-08-28	https://godot.date/id/vqEAhUK4y9HWc3WGrbCZHM
4	15	0370-08-29	0371-08-29	https://godot.date/id/4myUpZ7THs5csqkovy4WmS
5	1	0371-08-30	0372-08-28	https://godot.date/id/6QcDEb8ocWr9T2NaWwEdCX
5	2	0372-08-29	0373-08-28	https://godot.date/id/oPtkyVw8Dk4HQr33c7jcYA
5	3	0373-08-29	0374-08-28	https://godot.date/id/nrTcnYPEJiKFYWnTP92NYe
5	4	0374-08-29	0375-08-29	https://godot.date/id/qbXNMY6undvGrCm2C7q9nZ
5	5	0375-08-30	0376-08-28	https://godot.date/id/LtrMT97PxdzvrFtrcaYpmf
5	6	0376-08-29	0377-08-28	https://godot.date/id/P9ryn3Jjk7wWrcCq6qzCE9
5	7	0377-08-29	0378-08-28	https://godot.date/id/QjBP66dbodv2zYDiBdxggh
5	8	0378-08-29	0379-08-29	https://godot.date/id/TRWwsKymhLriE6eTChWwU7
5	9	0379-08-30	0380-08-28	https://godot.date/id/BbDK85gcNk6wTCWoeSuMk9
5	10	0380-08-29	0381-08-28	https://godot.date/id/witZCEXT9EsncnL94fsxCN
5	11	0381-08-29	0382-08-28	https://godot.date/id/vYvWVbXLttwKsNZroubF7F
5	12	0382-08-29	0383-08-29	https://godot.date/id/rgMALx9rZisAEnfqwcALmZ
5	13	0383-08-30	0384-08-28	https://godot.date/id/aTsPwP8vYVbTUrBc4sSkWn
5	14	0384-08-29	0385-08-28	https://godot.date/id/AZJqSxesd5tcyNh2T8oSmX
5	15	0385-08-29	0386-08-28	https://godot.date/id/MmPr8cVw5KUrjawpDzj2V4
6	1	0386-08-29	0387-08-29	https://godot.date/id/vLtsoCQiMSWf76Q98hxiTV
6	2	0387-08-30	0388-08-28	https://godot.date/id/Fx2G3oRYzznuhkkhe5dzA9
6	3	0388-08-29	0389-08-28	https://godot.date/id/F2GtMBes4btVj25fNm83mi
6	4	0389-08-29	0390-08-28	https://godot.date/id/pPYYVyHsVJU7QJfvaSDmmP
6	5	0390-08-29	0391-08-29	https://godot.date/id/5bC4a5T2PBiBGvyUj9p9id
6	6	0391-08-30	0392-08-28	https://godot.date/id/6c8zrSX2d3x9EcX7TWXWZB
6	7	0392-08-29	0393-08-28	https://godot.date/id/SPZciy5hUFgS9yZNpy3adk
6	8	0393-08-29	0394-08-28	https://godot.date/id/vFdf7YBFi4fTLyfEK3RtGK
6	9	0394-08-29	0395-08-29	https://godot.date/id/jbeJi63hm8TxZezTVNdvrn
6	10	0395-08-30	0396-08-28	https://godot.date/id/8fDRkUPYnwtKRf667K7Cf6
6	11	0396-08-29	0397-08-28	https://godot.date/id/Tjsnoa9aMuPpuk3799m8nV
6	12	0397-08-29	0398-08-28	https://godot.date/id/8jXfrtfJ3F7CV9jd6xh3aT
6	13	0398-08-29	0399-08-29	https://godot.date/id/agFgo2LFz8A7xu8zduNFyJ
6	14	0399-08-30	0400-08-28	https://godot.date/id/fLQiCZrN57BxLNJvNMSEE5
6	15	0400-08-29	0401-08-28	https://godot.date/id/ciQSX9dEeWe34RVLbYxVHX
7	1	0401-08-29	0402-08-28	https://godot.date/id/UVKsTpHd3VX2KR2yfNwJPJ
7	2	0402-08-29	0403-08-29	https://godot.date/id/8cCqXp7wMcP9CRXJ5AgY3c
7	3	0403-08-30	0404-08-28	https://godot.date/id/BNSWJAwcWyZPWkEdwHm6G4
7	4	0404-08-29	0405-08-28	https://godot.date/id/hTgDt894imQj7imFf8UtDG
7	5	0405-08-29	0406-08-28	https://godot.date/id/rS6hhnwGhnXcQdBvYXqfMV
7	6	0406-08-29	0407-08-29	https://godot.date/id/K2jPjPimHiiPGJZcY7A2jd
7	7	0407-08-30	0408-08-28	https://godot.date/id/aajy4QTZumWAp2qUTUoYuh
7	8	0408-08-29	0409-08-28	https://godot.date/id/pxLrKTJCk3G7WJ3therutA
7	9	0409-08-29	0410-08-28	https://godot.date/id/wTd5n3KugV6538izoBYKxJ
7	10	0410-08-29	0411-08-29	https://godot.date/id/ToPbpV3w8MBZkp6ZNMAebK
7	11	0411-08-30	0412-08-28	https://godot.date/id/xnJHbJNiLVxRDLrt2kLYPU
7	12	0412-08-29	0413-08-28	https://godot.date/id/LZ8mhymUhgVenkx6uFrio9
7	13	0413-08-29	0414-08-28	https://godot.date/id/GzQuf76CfRBHZxqrg4TxdN
7	14	0414-08-29	0415-08-29	https://godot.date/id/wbR892xXj6aMTbmXxUBCTk
7	15	0415-08-30	0416-08-28	https://godot.date/id/oZqubFPxqWUpHpbBi4DW9c
8	1	0416-08-29	0417-08-28	https://godot.date/id/yrtTLDeD5FYtcrkcta94AP
8	2	0417-08-29	0418-08-28	https://godot.date/id/HcBTX83bVxJtTStLAH2Bgk
8	3	0418-08-29	0419-08-29	https://godot.date/id/B7BXpACRKeuUxrCBTgnzwA
8	4	0419-08-30	0420-08-28	https://godot.date/id/BuidaWWNuGYe8ugQuXJNfR
8	5	0420-08-29	0421-08-28	https://godot.date/id/nUPJHfvmywaxqSpWFimckc
8	6	0421-08-29	0422-08-28	https://godot.date/id/MxoT44EzduB6NLRxjjtyjH
8	7	0422-08-29	0423-08-29	https://godot.date/id/acuN5YRxFym8XWALmcashU
8	8	0423-08-30	0424-08-28	https://godot.date/id/joeRAWbsF9r2zBpCVQsjSj
8	9	0424-08-29	0425-08-28	https://godot.date/id/TBgThjaG8eeKCbpYtxpTNG
8	10	0425-08-29	0426-08-28	https://godot.date/id/SLmQVLVT96u96apcBFcFom
8	11	0426-08-29	0427-08-29	https://godot.date/id/FjphYdv9r4stUt9xzXDy2k
8	12	0427-08-30	0428-08-28	https://godot.date/id/oT7nitCEAxQSw6KygAbjNW
8	13	0428-08-29	0429-08-28	https://godot.date/id/tZtZXE4s3PEKBr5sS7sjyn
8	14	0429-08-29	0430-08-28	https://godot.date/id/d4wPkyV5JSJR3xzCfs7zjb
8	15	0430-08-29	0431-08-29	https://godot.date/id/BUkaefYHL2tLPA2vpcqA2g
9	1	0431-08-30	0432-08-28	https://godot.date/id/5ZX9wrMA87dWmbPtqym3gX
9	2	0432-08-29	0433-08-28	https://godot.date/id/FYSH4JQEDCgu9YKeMMB9cT
9	3	0433-08-29	0434-08-28	https://godot.date/id/titAWbazAAFfz5DQVCmukQ
9	4	0434-08-29	0435-08-29	https://godot.date/id/z4u8AvBjjdjQKAYzLiULQU
9	5	0435-08-30	0436-08-28	https://godot.date/id/EZUCyo3QYtUjh8xg3i5PJa
9	6	0436-08-29	0437-08-28	https://godot.date/id/2wTsvtiRMKMiUvJTzP2VJA
9	7	0437-08-29	0438-08-28	https://godot.date/id/6K3X9uo3rnAEjmNZ9mpoYd
9	8	0438-08-29	0439-08-29	https://godot.date/id/5d5LTPDMiibDeiPsqGrjEQ
9	9	0439-08-30	0440-08-28	https://godot.date/id/kNMNEmzvAS8gnyB3wjdDvD
9	10	0440-08-29	0441-08-28	https://godot.date/id/U5Aasm4itMvyrMSzgj5FFX
9	11	0441-08-29	0442-08-28	https://godot.date/id/cCrVzgWt9D5wQpLJWwA6if
9	12	0442-08-29	0443-08-29	https://godot.date/id/hPa69UwouLMqU5KG2LKH9f
9	13	0443-08-30	0444-08-28	https://godot.date/id/n4b6pH7U6Xz9FLhQAJHZic
9	14	0444-08-29	0445-08-28	https://godot.date/id/x9ksMuHieFuH7rXUgNoqaZ
9	15	0445-08-29	0446-08-28	https://godot.date/id/Kj4v8eqDdA6zpuLvhLtook
10	1	0446-08-29	0447-08-29	https://godot.date/id/E4EvUpMrFCKDz67bxVnN9N
10	2	0447-08-30	0448-08-28	https://godot.date/id/AoRk7WMhTL6p3dNAT7Rd8V
10	3	0448-08-29	0449-08-28	https://godot.date/id/ZKT7dTBKP2q2u2MFa4VqfJ
10	4	0449-08-29	0450-08-28	https://godot.date/id/WzhFEU8sDPP3okgBVwK2VU
10	5	0450-08-29	0451-08-29	https://godot.date/id/eF9JKZWQAcVXrYb9Sv777e
10	6	0451-08-30	0452-08-28	https://godot.date/id/5VAAxFxpceUTDrKSTMeGoY
10	7	0452-08-29	0453-08-28	https://godot.date/id/WHF5M2JskrcSHEcvhLbHZg
10	8	0453-08-29	0454-08-28	https://godot.date/id/F3UyPby9WNovGcEQhZVyfY
10	9	0454-08-29	0455-08-29	https://godot.date/id/Zv5iTJ22qETt4o8heE7pZa
10	10	0455-08-30	0456-08-28	https://godot.date/id/Phw5SRDFtawRf4znPyCWAY
10	11	0456-08-29	0457-08-28	https://godot.date/id/M4LiMSjDt8e9hEfH7xXjz4
10	12	0457-08-29	0458-08-28	https://godot.date/id/ptGjQZbMS3XswztaWquide
10	13	0458-08-29	0459-08-29	https://godot.date/id/fKD4fBqBZnVuVkDgfjPaK9
10	14	0459-08-30	0460-08-28	https://godot.date/id/NJrDnhGBpyC8wtYjDYQggb
10	15	0460-08-29	0461-08-28	https://godot.date/id/KL9kNE37P6hgPS55mxBnMV
11	1	0461-08-29	0462-08-28	https://godot.date/id/HrbMDEZvK9ToqvjWNncBPG
11	2	0462-08-29	0463-08-29	https://godot.date/id/xhkB9e8YpPAnYkRc6DvWjU
11	3	0463-08-30	0464-08-28	https://godot.date/id/B8psqU3GR762WJjhw9QR75
11	4	0464-08-29	0465-08-28	https://godot.date/id/8k7fzWVYmuiP8zFWt5JafL
11	5	0465-08-29	0466-08-28	https://godot.date/id/AsifcMS3tHgdfGmby6w76d
11	6	0466-08-29	0467-08-29	https://godot.date/id/5zvdDd22Hh9bjrSjCvzVQg
11	7	0467-08-30	0468-08-28	https://godot.date/id/w3MGti95BGCR6Fm3EpGcvE
11	8	0468-08-29	0469-08-28	https://godot.date/id/4TNHdPHhDDRTRntnCocuaZ
11	9	0469-08-29	0470-08-28	https://godot.date/id/3VEApxmMjuWeZpGycQd5J3
11	10	0470-08-29	0471-08-29	https://godot.date/id/sNGCJaPKrUfKUBXHMoAKWh
11	11	0471-08-30	0472-08-28	https://godot.date/id/RFLFmdsGveFQbQVEdFXRWj
11	12	0472-08-29	0473-08-28	https://godot.date/id/u3dUW2zCJLewVFSnFsRQt8
11	13	0473-08-29	0474-08-28	https://godot.date/id/a5FQg3AwZxSFoPxXpJch65
11	14	0474-08-29	0475-08-29	https://godot.date/id/yJKa4jSrdEVLyYePHbe9u2
11	15	0475-08-30	0476-08-28	https://godot.date/id/VvCXiSJoGkS8mDtoygzCYN
12	1	0476-08-29	0477-08-28	https://godot.date/id/kaerZ8sLHZTKCL4JnL3EEj
12	2	0477-08-29	0478-08-28	https://godot.date/id/R4AqXRYwfLqUhLfPUb3cuY
12	3	0478-08-29	0479-08-29	https://godot.date/id/N6uvpBRD4fAyqstx2KzUhj
12	4	0479-08-30	0480-08-28	https://godot.date/id/kntqubiex3EKpzVigu3KKd
12	5	0480-08-29	0481-08-28	https://godot.date/id/8BQBmDz35ikArTntzodyy3
12	6	0481-08-29	0482-08-28	https://godot.date/id/GGrZriMhrQ4PW87cyRbt43
12	7	0482-08-29	0483-08-29	https://godot.date/id/awkuTWLQdaEBCfmtBDLmJk
12	8	0483-08-30	0484-08-28	https://godot.date/id/Dhe8ENTx8UEpcxptgUAUPR
12	9	0484-08-29	0485-08-28	https://godot.date/id/qt4CMecSYFYnvdHa7jYE9T
12	10	0485-08-29	0486-08-28	https://godot.date/id/fXZ7pewZVjKCowAt3Ui9KL
12	11	0486-08-29	0487-08-29	https://godot.date/id/NhYLxyKqqNzKMVhDegzW4M
12	12	0487-08-30	0488-08-28	https://godot.date/id/sVkxBsyt4g5sKy5Cnwy8AH
12	13	0488-08-29	0489-08-28	https://godot.date/id/PqDcsuitD4VPFJR6YD7sue
12	14	0489-08-29	0490-08-28	https://godot.date/id/jHV4aYdqaKpHpaQopprDkj
12	15	0490-08-29	0491-08-29	https://godot.date/id/Fc8MEKEduQ6Xkm3fGFr2YK
13	1	0491-08-30	0492-08-28	https://godot.date/id/ARSThbCFmBBvFqyWLaFgBb
13	2	0492-08-29	0493-08-28	https://godot.date/id/HkRghspCZV3mymPTGmuMFD
13	3	0493-08-29	0494-08-28	https://godot.date/id/DZJkY2FmX6ewkkYzBEKZqi
13	4	0494-08-29	0495-08-29	https://godot.date/id/LxX7opvc7FNyYPgNNRuC43
13	5	0495-08-30	0496-08-28	https://godot.date/id/fcEUnZTHygDBUmrj8qHtHC
13	6	0496-08-29	0497-08-28	https://godot.date/id/2mkFRqozh3bBQupuMELVm3
13	7	0497-08-29	0498-08-28	https://godot.date/id/EXDDVd4HwiHos4EqfHzW4L
13	8	0498-08-29	0499-08-29	https://godot.date/id/QskCrnXnWEWGvNrTckRa8E
13	9	0499-08-30	0500-08-28	https://godot.date/id/CfYfLCxFCurVgj6ysXQVah
13	10	0500-08-29	0501-08-28	https://godot.date/id/wXUNJpauAHoVJuho69xRML
13	11	0501-08-29	0502-08-28	https://godot.date/id/fjdkcTaeSFGvj394s2RtQe
13	12	0502-08-29	0503-08-29	https://godot.date/id/SQVuLLGqvN4fqaA9sekCaM
13	13	0503-08-30	0504-08-28	https://godot.date/id/Q528ELbGgPLAJm8UmQwbFf
13	14	0504-08-29	0505-08-28	https://godot.date/id/tNRZgLwToijP2cLKsEhnJZ
13	15	0505-08-29	0506-08-28	https://godot.date/id/L7yrV2sdheRsfWZSZcYfQT
14	1	0506-08-29	0507-08-29	https://godot.date/id/BSsE3c7QWMrPcRkExyfWHB
14	2	0507-08-30	0508-08-28	https://godot.date/id/tjPTv3YMLreNHdNP2EUVca
14	3	0508-08-29	0509-08-28	https://godot.date/id/DFheUWSdoCaQyKDYhMwBBk
14	4	0509-08-29	0510-08-28	https://godot.date/id/E6THLaws27XWcL6rXUnSmB
14	5	0510-08-29	0511-08-29	https://godot.date/id/xP6mKqDkjtMaJe3CXMcsjG
14	6	0511-08-30	0512-08-28	https://godot.date/id/fMGtFr85yv9zhprhXQVtMg
14	7	0512-08-29	0513-08-28	https://godot.date/id/qHKof3dGQQB6F6FwzUhhmG
14	8	0513-08-29	0514-08-28	https://godot.date/id/tFge8sATtxfcudXKqh6rz4
14	9	0514-08-29	0515-08-29	https://godot.date/id/vHomAkpf2v4XUtVorNGp35
14	10	0515-08-30	0516-08-28	https://godot.date/id/SRBw2gyomohE57LrNkWUoP
14	11	0516-08-29	0517-08-28	https://godot.date/id/R9cRdVtVy3NorgTxtCmKCm
14	12	0517-08-29	0518-08-28	https://godot.date/id/QPuMSSPfbGpTRCnfg2A6Kh
14	13	0518-08-29	0519-08-29	https://godot.date/id/Lk8iZ7gQWFtRSC4ZabHiSK
14	14	0519-08-30	0520-08-28	https://godot.date/id/oeqgvRmhmAX89gXtKCnVJP
14	15	0520-08-29	0521-08-28	https://godot.date/id/f3pYtNgRuqFXUugeHKPKGZ
15	1	0521-08-29	0522-08-28	https://godot.date/id/By4gStZAzJnxB8zwgqWFQW
15	2	0522-08-29	0523-08-29	https://godot.date/id/dv3wjgUzZbXbVz3PQJuUJ4
15	3	0523-08-30	0524-08-28	https://godot.date/id/KVokVF5WWZEnbPaDui4dgn
15	4	0524-08-29	0525-08-28	https://godot.date/id/8qv5kn7k7TVnMbnHmbuwQ5
15	5	0525-08-29	0526-08-28	https://godot.date/id/RrnSaVXp7rx4gVCef5j5CC
15	6	0526-08-29	0527-08-29	https://godot.date/id/vz9K6jKvzdoXvyWxuk5TJa
15	7	0527-08-30	0528-08-28	https://godot.date/id/vQd8WAZspGbVBft5TfxfxA
15	8	0528-08-29	0529-08-28	https://godot.date/id/FmUmbYBfMgA27Sb7GVTcCS
15	9	0529-08-29	0530-08-28	https://godot.date/id/bvGAFSgqikg76nhm7d4F74
15	10	0530-08-29	0531-08-29	https://godot.date/id/K5pCYbH8KmgctbcBNHe2Hh
15	11	0531-08-30	0532-08-28	https://godot.date/id/7FH6XNdRqzffA8GfhbLgUd
15	12	0532-08-29	0533-08-28	https://godot.date/id/rMVNrbi7HVN6EfMwfdmYMG
15	13	0533-08-29	0534-08-28	https://godot.date/id/GoeMCEHDLLCDpSUXx9n4i9
15	14	0534-08-29	0535-08-29	https://godot.date/id/bUoWeJ7XS94wNtKurjmUqe
15	15	0535-08-30	0536-08-28	https://godot.date/id/PVdA6H5pE85MfSTby73URX
16	1	0536-08-29	0537-08-28	https://godot.date/id/7WbkWXqhjeWk27W7YGpE3S
16	2	0537-08-29	0538-08-28	https://godot.date/id/HA68jqfSrBTZQMxyTiLzQb
16	3	0538-08-29	0539-08-29	https://godot.date/id/XpYF8MW6nn4uPsruzKaZRg
16	4	0539-08-30	0540-08-28	https://godot.date/id/ejSNuBpNEVxgpDeaJzgBcB
16	5	0540-08-29	0541-08-28	https://godot.date/id/KyXvKWBmj24chbjnzwnDrf
16	6	0541-08-29	0542-08-28	https://godot.date/id/fK4QcA8xT4iqivRcchCY2V
16	7	0542-08-29	0543-08-29	https://godot.date/id/MDqvJNZrdyDo7mTBNJhvza
16	8	0543-08-30	0544-08-28	https://godot.date/id/4GkZTt3QxyiKuvW9jgajL8
16	9	0544-08-29	0545-08-28	https://godot.date/id/mjanhryncXWYQVzxUVPvEQ
16	10	0545-08-29	0546-08-28	https://godot.date/id/ZiBJ7agVRXzbtB397ARkkB
16	11	0546-08-29	0547-08-29	https://godot.date/id/RupdMLgam6TohzzZGZp56b
16	12	0547-08-30	0548-08-28	https://godot.date/id/PrQfYc6tUnLWaXb8vCe6K5
16	13	0548-08-29	0549-08-28	https://godot.date/id/NHpASNRrahP7Qf7h78Pd9Y
16	14	0549-08-29	0550-08-28	https://godot.date/id/u8rbA7XGxk8eFz9F5Y4YEY
16	15	0550-08-29	0551-08-29	https://godot.date/id/LighCwhzAjjYAtMCMUw4kX
17	1	0551-08-30	0552-08-28	https://godot.date/id/bM8khCFA3kDub2L29a9t5n
17	2	0552-08-29	0553-08-28	https://godot.date/id/2KyhLfLAwiLDNPQZ6ZAZ2B
17	3	0553-08-29	0554-08-28	https://godot.date/id/xZ7kNXsm66sgYWjZTYimu8
17	4	0554-08-29	0555-08-29	https://godot.date/id/DV74zyM4wwPtxGKBx6wMTB
17	5	0555-08-30	0556-08-28	https://godot.date/id/84NXg4dAvk77KNgz8yspAj
17	6	0556-08-29	0557-08-28	https://godot.date/id/nFBc5uSwVeokTcfuYJ4vUA
17	7	0557-08-29	0558-08-28	https://godot.date/id/pSGXxr8jvgFKoiwcWJrfaZ
17	8	0558-08-29	0559-08-29	https://godot.date/id/LmfTUPH8TKBhSg7Dj6HM5S
17	9	0559-08-30	0560-08-28	https://godot.date/id/kvKvSuRWNUsfXVav349xPT
17	10	0560-08-29	0561-08-28	https://godot.date/id/p6CZHwXE2LGnhwNigjehgH
17	11	0561-08-29	0562-08-28	https://godot.date/id/P4pciCqaCCRjAPrfhVMWkQ
17	12	0562-08-29	0563-08-29	https://godot.date/id/bvakdNzMgUz5QZrezYGpQo
17	13	0563-08-30	0564-08-28	https://godot.date/id/kXX96kMaRky3UUHRiZW4NL
17	14	0564-08-29	0565-08-28	https://godot.date/id/Lzuz7Qwsix5cN6Wp9XyYcR
17	15	0565-08-29	0566-08-28	https://godot.date/id/y2JFr8Lnf3n2N4a78YQk8L
18	1	0566-08-29	0567-08-29	https://godot.date/id/RDfRaXg6b7EWib5mKeFxUi
18	2	0567-08-30	0568-08-28	https://godot.date/id/xCZdEbECaMqEcaAAxqeXqB
18	3	0568-08-29	0569-08-28	https://godot.date/id/YyA8dBsgQAo28ZSPXb83CH
18	4	0569-08-29	0570-08-28	https://godot.date/id/AfHaC7qNZkMwgXHVK3vuVK
18	5	0570-08-29	0571-08-29	https://godot.date/id/bbjdyv2dAuS7KgrjPJL88L
18	6	0571-08-30	0572-08-28	https://godot.date/id/GYtGCtv3zg68f8dxqsWyVK
18	7	0572-08-29	0573-08-28	https://godot.date/id/aNehpqPnveQ3hamJ9hSDyH
18	8	0573-08-29	0574-08-28	https://godot.date/id/UzRLYCJHeoTZ79X4mXK5LW
18	9	0574-08-29	0575-08-29	https://godot.date/id/bBYfxF8hJYByoVBZg8q9u4
18	10	0575-08-30	0576-08-28	https://godot.date/id/Romg6jWwjjQ8kQdAoN9BLS
18	11	0576-08-29	0577-08-28	https://godot.date/id/BBVNNgK69uWUKLERw6Nc4K
18	12	0577-08-29	0578-08-28	https://godot.date/id/Mz2f8KMDHRSfezztyto8fF
18	13	0578-08-29	0579-08-29	https://godot.date/id/fuEsBQmCCKvGcC3WRh3gLE
18	14	0579-08-30	0580-08-28	https://godot.date/id/G6NAjDJmA4bz4VtnXkQFxJ
18	15	0580-08-29	0581-08-28	https://godot.date/id/7qwvTmCUYmJaTJytmKNZdW
19	1	0581-08-29	0582-08-28	https://godot.date/id/RChiaYkKuJKGHpF8PT3cwi
19	2	0582-08-29	0583-08-29	https://godot.date/id/cDyEc6VLHSh8jtAZnB2UYn
19	3	0583-08-30	0584-08-28	https://godot.date/id/HtxcbK4ZSb5CQt3KL59TwX
19	4	0584-08-29	0585-08-28	https://godot.date/id/9PbGcvynEa4EdQYBbXzVWY
19	5	0585-08-29	0586-08-28	https://godot.date/id/U4c2WzsKTN8vajP3aSDKBm
19	6	0586-08-29	0587-08-29	https://godot.date/id/88CMVNcW6Hytb2XsjcoVnT
19	7	0587-08-30	0588-08-28	https://godot.date/id/yx3d4RzeJP8zNR6ESubNYM
19	8	0588-08-29	0589-08-28	https://godot.date/id/iGysYXmiv2ns3B7Cr489Yk
19	9	0589-08-29	0590-08-28	https://godot.date/id/KjZumnZU7aeEDxrjCBCUdP
19	10	0590-08-29	0591-08-29	https://godot.date/id/ffoGjbJgKHEWoKRed7zDBi
19	11	0591-08-30	0592-08-28	https://godot.date/id/6Gc6gFotLCfbZyTKPGStpY
19	12	0592-08-29	0593-08-28	https://godot.date/id/Afbw2nJTxvE7zseHMsz3qY
19	13	0593-08-29	0594-08-28	https://godot.date/id/n6VtxnXCQaqV7Vx8PY9gwM
19	14	0594-08-29	0595-08-29	https://godot.date/id/RQZ3LuCMKyDSfbDrWbjRp9
19	15	0595-08-30	0596-08-28	https://godot.date/id/nozKuX6qCCoyWNeRGyUuz7
20	1	0596-08-29	0597-08-28	https://godot.date/id/AaJzuDtWnRtvratTd4Qdug
20	2	0597-08-29	0598-08-28	https://godot.date/id/Eno68e6vA9JqMdaaQqiBzV
20	3	0598-08-29	0599-08-29	https://godot.date/id/zquK2sC6PYKQzqBtrUT6PV
20	4	0599-08-30	0600-08-28	https://godot.date/id/BELxuUeqrPTkyQQFknvzb9
20	5	0600-08-29	0601-08-28	https://godot.date/id/Xcam5fXuF5wt8QzXRKM533
20	6	0601-08-29	0602-08-28	https://godot.date/id/yKJBB6xjFi2S44ATPCNW7d
20	7	0602-08-29	0603-08-29	https://godot.date/id/tLCwRSyHzo9AEUkXG5qX7P
20	8	0603-08-30	0604-08-28	https://godot.date/id/5DbhgsNVW56RFeEdjMYMZm
20	9	0604-08-29	0605-08-28	https://godot.date/id/uTUjrD8sN8NfQVxLqiMUdE
20	10	0605-08-29	0606-08-28	https://godot.date/id/KZMrzHDXC3nQcJtTL6XnGX
20	11	0606-08-29	0607-08-29	https://godot.date/id/8mr4wRTHMqeZQW5ggvTtLb
20	12	0607-08-30	0608-08-28	https://godot.date/id/K98mZ9fUfCWaC4ifDmugXm
20	13	0608-08-29	0609-08-28	https://godot.date/id/yVhfv9Lbn3Ubh5axKMRqbd
20	14	0609-08-29	0610-08-28	https://godot.date/id/q96V4zfLkCkKxkAScY6Lrh
20	15	0610-08-29	0611-08-29	https://godot.date/id/4gtnYjRgdKqvV4UxdTjWo2
21	1	0611-08-30	0612-08-28	https://godot.date/id/oxsEgdSepjz2LjiyMDtxxg
21	2	0612-08-29	0613-08-28	https://godot.date/id/mxJvFKtttedP7GhThwKv4B
21	3	0613-08-29	0614-08-28	https://godot.date/id/j9atsU8NufqrDGwxtdgUcH
21	4	0614-08-29	0615-08-29	https://godot.date/id/FrAa3WvaMcKag3DMk8tUrV
21	5	0615-08-30	0616-08-28	https://godot.date/id/hXnG6Joc8f8dmSLW2GVhW2
21	6	0616-08-29	0617-08-28	https://godot.date/id/s2h6qxRnvJ6z8qqW56HkD6
21	7	0617-08-29	0618-08-28	https://godot.date/id/UHxjA2J8SrFSz9WK9Wcpsm
21	8	0618-08-29	0619-08-29	https://godot.date/id/QBrWsWcAvSzjt3u3TyUYkf
21	9	0619-08-30	0620-08-28	https://godot.date/id/dkWsR6G2Hw5JtbNjHZeDdC
21	10	0620-08-29	0621-08-28	https://godot.date/id/TFw7wEShrpNXWkiHtqGrFm
21	11	0621-08-29	0622-08-28	https://godot.date/id/kZ8GpyCRdqxiYhzYGKMmfb
21	12	0622-08-29	0623-08-29	https://godot.date/id/Gkkr5FRCkGgoAg6SWqNhWG
21	13	0623-08-30	0624-08-28	https://godot.date/id/p3Z8SxpGf4JDu8qU8Yt8ZB
21	14	0624-08-29	0625-08-28	https://godot.date/id/yUtZ2EaQdVRTwdzsj5KWNg
21	15	0625-08-29	0626-08-28	https://godot.date/id/oi2Ggu9dPULhESxVDLyq3k
22	1	0626-08-29	0627-08-29	https://godot.date/id/2GDFDQBfr5UFTatkKtRsFi
22	2	0627-08-30	0628-08-28	https://godot.date/id/3mDLL4RzFoSQxARNy8QVP6
22	3	0628-08-29	0629-08-28	https://godot.date/id/8Frj5ohd9guAmuDgqjLqNP
22	4	0629-08-29	0630-08-28	https://godot.date/id/9LCPBEHSVFocEzNotbjiMn
22	5	0630-08-29	0631-08-29	https://godot.date/id/nNgMtmbK8qf7Gi3bQAkqoT
22	6	0631-08-30	0632-08-28	https://godot.date/id/sm8zwp9nnh85QG9oFByVui
22	7	0632-08-29	0633-08-28	https://godot.date/id/4wVDb8Y7GZvbAKnS3FHJwC
22	8	0633-08-29	0634-08-28	https://godot.date/id/8GTcJe8YW9noqh3vau72U6
22	9	0634-08-29	0635-08-29	https://godot.date/id/2GfpBBBF6u2aCD2Ej9K3aY
22	10	0635-08-30	0636-08-28	https://godot.date/id/gNbs3exhVQPDxL6dqkHoYh
22	11	0636-08-29	0637-08-28	https://godot.date/id/BZ8Z9PNezbTpypXDvJSWPb
22	12	0637-08-29	0638-08-28	https://godot.date/id/GWArKs5Fg9EXegnvp3EedD
22	13	0638-08-29	0639-08-29	https://godot.date/id/75ADSszT8srbXMQNxE5hzZ
22	14	0639-08-30	0640-08-28	https://godot.date/id/ZkrApPSj5cetrCWsXrFAtF
22	15	0640-08-29	0641-08-28	https://godot.date/id/NbEYgTnL2sqKp7BJ3BV9HA
23	1	0641-08-29	0642-08-28	https://godot.date/id/GHimRZ7YLTGFTXoEw4jqPa
23	2	0642-08-29	0643-08-29	https://godot.date/id/FJPX8RmaHNV363Nqs5W6RG
23	3	0643-08-30	0644-08-28	https://godot.date/id/6PWnPAr2hsGWPHWWSy5MtE
23	4	0644-08-29	0645-08-28	https://godot.date/id/mCFm3wuGLENi32kMQ9Ax39
23	5	0645-08-29	0646-08-28	https://godot.date/id/xjjUYosyArYAXks247ye5J
23	6	0646-08-29	0647-08-29	https://godot.date/id/YGr9XTiEDqgMop26ddXyAf
23	7	0647-08-30	0648-08-28	https://godot.date/id/3UwKd2ceArzctewxNjh2vc
23	8	0648-08-29	0649-08-28	https://godot.date/id/GMMzzAhpxnVfJHMJDMWCUG
23	9	0649-08-29	0650-08-28	https://godot.date/id/zjBUU4xPv8FczVL2XpUNJ7
23	10	0650-08-29	0651-08-29	https://godot.date/id/vWGkgr6PPS9pRvrVSjSC8b
23	11	0651-08-30	0652-08-28	https://godot.date/id/YYgQ3qJHnN45aEVxfP5ULS
23	12	0652-08-29	0653-08-28	https://godot.date/id/rd3teAwyf5TqzVtRBm6tD4
23	13	0653-08-29	0654-08-28	https://godot.date/id/tnckWGadfbJUxfDrVBA5bc
23	14	0654-08-29	0655-08-29	https://godot.date/id/PQtr6mpYge28rKsfoUtwLb
23	15	0655-08-30	0656-08-28	https://godot.date/id/J4ABDJTwiKFwLPeNTQW4BK
24	1	0656-08-29	0657-08-28	https://godot.date/id/wGbkWYTvfruAo9kHkDyUfY
24	2	0657-08-29	0658-08-28	https://godot.date/id/DiGz8BoSbX3dMNS9x2f7kV
24	3	0658-08-29	0659-08-29	https://godot.date/id/zbzJReoQ6s9mU3u2QhFUB6
24	4	0659-08-30	0660-08-28	https://godot.date/id/YFeqVtKLJrMNJrX8QV8qu5
24	5	0660-08-29	0661-08-28	https://godot.date/id/NFm7MawH69FNAXnj585gqg
24	6	0661-08-29	0662-08-28	https://godot.date/id/fehsBNWfXtTbMRfre8Udf9
24	7	0662-08-29	0663-08-29	https://godot.date/id/N45qHm2hjNoD9fJDZBw6tQ
24	8	0663-08-30	0664-08-28	https://godot.date/id/yfKy2ygG94ksekZeJmqLR8
24	9	0664-08-29	0665-08-28	https://godot.date/id/kjB3DdkQQDMLKaeQkKByGf
24	10	0665-08-29	0666-08-28	https://godot.date/id/FyvX5aHZF9vG3USThfPkiX
24	11	0666-08-29	0667-08-29	https://godot.date/id/UAyPreXZDL45oCDNyPAcQC
24	12	0667-08-30	0668-08-28	https://godot.date/id/Tgqrpg8jsHNq7TC5WyA2BV
24	13	0668-08-29	0669-08-28	https://godot.date/id/GqqhimW9iRzf5Fwjab3EJM
24	14	0669-08-29	0670-08-28	https://godot.date/id/AxYWhSizQncYis9vDuZKXE
24	15	0670-08-29	0671-08-29	https://godot.date/id/thGZXxmBVduZhxXa6CuQ7W
25	1	0671-08-30	0672-08-28	https://godot.date/id/H96qfzKrfLNqYQRRuosLJJ
25	2	0672-08-29	0673-08-28	https://godot.date/id/egJBxhm59mAWvn7aHuqfGk
25	3	0673-08-29	0674-08-28	https://godot.date/id/z8XXNh8VUhD8dCy3v2vpkS
25	4	0674-08-29	0675-08-29	https://godot.date/id/8dZGcEyZAVhxjCcmjNZ6A8
25	5	0675-08-30	0676-08-28	https://godot.date/id/puXPaGsSi6KCjMshuSUVzd
25	6	0676-08-29	0677-08-28	https://godot.date/id/EtgTLGHmEx2DWWp9FP7MyZ
25	7	0677-08-29	0678-08-28	https://godot.date/id/Xpm4SfcNKpWMY5X5o6eZue
25	8	0678-08-29	0679-08-29	https://godot.date/id/RE49VUvWFyrv52vkss6S5R
25	9	0679-08-30	0680-08-28	https://godot.date/id/p2jSTDD6Hd5W2vjZA62vCU
25	10	0680-08-29	0681-08-28	https://godot.date/id/aCFT8m6qv2GzJkabKm44eD
25	11	0681-08-29	0682-08-28	https://godot.date/id/x5gsqufAfatRSfyDNnpQd3
25	12	0682-08-29	0683-08-29	https://godot.date/id/azbNoaVmGrL3EGr6yxvCtA
25	13	0683-08-30	0684-08-28	https://godot.date/id/n4Wx2y2dbEYsnduAjuuLfD
25	14	0684-08-29	0685-08-28	https://godot.date/id/4agr6nNvmjrtjzQwVBUXzM
25	15	0685-08-29	0686-08-28	https://godot.date/id/2tCyWLsnRcJyg7HXFkx7QB
26	1	0686-08-29	0687-08-29	https://godot.date/id/YWYsdrBCisdoxPChhggBFQ
26	2	0687-08-30	0688-08-28	https://godot.date/id/z2YUDsSUwmCYsutpNsUEpa
26	3	0688-08-29	0689-08-28	https://godot.date/id/9Tw4M8HVkU7XH4HXShTxCQ
26	4	0689-08-29	0690-08-28	https://godot.date/id/4V6YcJ2LA5qcizZPJj2YPD
26	5	0690-08-29	0691-08-29	https://godot.date/id/aPNp4MMwxSCXPKZkT72yb7
26	6	0691-08-30	0692-08-28	https://godot.date/id/ibrRaN6KKUQXo8NrqdieCn
26	7	0692-08-29	0693-08-28	https://godot.date/id/mSC5VVVLT4eT7e2hjxpBHK
26	8	0693-08-29	0694-08-28	https://godot.date/id/arvrhhMxpbMom9rbFoVuc7
26	9	0694-08-29	0695-08-29	https://godot.date/id/4rRXy8BbFBGLaP923UyKVZ
26	10	0695-08-30	0696-08-28	https://godot.date/id/qDGzUR4At4UHtQygNHpnhb
26	11	0696-08-29	0697-08-28	https://godot.date/id/RdSGpc7Uu7VqUJaWCPFE3c
26	12	0697-08-29	0698-08-28	https://godot.date/id/LgNshpnQBg9y3p4xyyYaJa
26	13	0698-08-29	0699-08-29	https://godot.date/id/7zvKkZgSvRGCt6u6BVi3w3
26	14	0699-08-30	0700-08-28	https://godot.date/id/wSQ2ZUs9vsA6mEwuATGFMk
26	15	0700-08-29	0701-08-28	https://godot.date/id/tghqnFf7ibzeE2ym9ZRcWP
27	1	0701-08-29	0702-08-28	https://godot.date/id/AmCRHdAzvipFGZiJpFzAY5
27	2	0702-08-29	0703-08-29	https://godot.date/id/wTMZBf9AxBvswx4iN6LmM8
27	3	0703-08-30	0704-08-29	https://godot.date/id/GAJRqiF7ZPKH38iWpxBAd2