emperor_label	wikidata_uri	year	not_before	not_after	godot_uri
Augustus	https://www.wikidata.org/wiki/Q1405	1	-30	-29	https://godot.date/id/JFMrvEQx9nEeyKnWnumjU7
Augustus	https://www.wikidata.org/wiki/Q1405	2	-29	-28	https://godot.date/id/DeiFQszMQom3xGmt5KW8NC
Augustus	https://www.wikidata.org/wiki/Q1405	3	-28	-27	https://godot.date/id/4zaFVxYiWkWszVxLJKjfoP
Augustus	https://www.wikidata.org/wiki/Q1405	4	-27	-26	https://godot.date/id/cGmVq6NthYQEdeQTxUrJ7P
Augustus	https://www.wikidata.org/wiki/Q1405	5	-26	-25	https://godot.date/id/vvLmxghz8TD8xksDLak2NT
Augustus	https://www.wikidata.org/wiki/Q1405	6	-25	-24	https://godot.date/id/ybESfLe7csCeuDshvmtVRY
Augustus	https://www.wikidata.org/wiki/Q1405	7	-24	-23	https://godot.date/id/Z6bpJWmQdkVuWr5e9HqzJh
Augustus	https://www.wikidata.org/wiki/Q1405	8	-23	-22	https://godot.date/id/Eq6oXH7EwrQHhBrGCSsVgT
Augustus	https://www.wikidata.org/wiki/Q1405	9	-22	-21	https://godot.date/id/3vo6vHUyvEqY3ns9BZNUFc
Augustus	https://www.wikidata.org/wiki/Q1405	10	-21	-20	https://godot.date/id/vpMbksW2jvszo3iQJgS5MZ
Augustus	https://www.wikidata.org/wiki/Q1405	11	-20	-19	https://godot.date/id/UVBjUKpxR3eu7cxxk9ieiS
Augustus	https://www.wikidata.org/wiki/Q1405	12	-19	-18	https://godot.date/id/kMsZ9LWizxtmeszhQUAELh
Augustus	https://www.wikidata.org/wiki/Q1405	13	-18	-17	https://godot.date/id/eNc3DjvujmSZjjotxs2r6c
Augustus	https://www.wikidata.org/wiki/Q1405	14	-17	-16	https://godot.date/id/nSu935uxsqg7w6ChE6zNxY
Augustus	https://www.wikidata.org/wiki/Q1405	15	-16	-15	https://godot.date/id/6XjNDBaS92PtEb8mhn82dD
Augustus	https://www.wikidata.org/wiki/Q1405	16	-15	-14	https://godot.date/id/iQe2FDKuytkxkRuDNvRq5n
Augustus	https://www.wikidata.org/wiki/Q1405	17	-14	-13	https://godot.date/id/gjtXGHwshjFLtAyrFjj2u7
Augustus	https://www.wikidata.org/wiki/Q1405	18	-13	-12	https://godot.date/id/yNHHcuEaPK9DS4Va4JoAoP
Augustus	https://www.wikidata.org/wiki/Q1405	19	-12	-11	https://godot.date/id/ZP5ea4XBuWowsF4u6Bexrg
Augustus	https://www.wikidata.org/wiki/Q1405	20	-11	-10	https://godot.date/id/8jWg6TgaJEemn6Fe46hF8U
Augustus	https://www.wikidata.org/wiki/Q1405	21	-10	-9	https://godot.date/id/ubq5tKyUEw6HcaQnVp9Rhm
Augustus	https://www.wikidata.org/wiki/Q1405	22	-9	-8	https://godot.date/id/zBj5EujHVvzycoBfiC4oR5
Augustus	https://www.wikidata.org/wiki/Q1405	23	-8	-7	https://godot.date/id/xJf6xpVdqgEJL74WpRGTUF
Augustus	https://www.wikidata.org/wiki/Q1405	24	-7	-6	https://godot.date/id/FCgVrohn464AWB8rsyaLif
Augustus	https://www.wikidata.org/wiki/Q1405	25	-6	-5	https://godot.date/id/fggvgCTEYeUXNMmHKrmVsj
Augustus	https://www.wikidata.org/wiki/Q1405	26	-5	-4	https://godot.date/id/tNPSWoy5XNpHUDua3Nrg6H
Augustus	https://www.wikidata.org/wiki/Q1405	27	-4	-3	https://godot.date/id/vGC8wkRTdV53dvNJzDi8wX
Augustus	https://www.wikidata.org/wiki/Q1405	28	-3	-2	https://godot.date/id/i6FsLJFrjBKWvpMTyRzmPA
Augustus	https://www.wikidata.org/wiki/Q1405	29	-2	-1	https://godot.date/id/2ecpm6WLfRXqGuHGQr9cUR
Augustus	https://www.wikidata.org/wiki/Q1405	30	-1	1	https://godot.date/id/kTJfr6G7DKPNGURY2qbtfk
Augustus	https://www.wikidata.org/wiki/Q1405	31	1	2	https://godot.date/id/czfub3RTcaZEfupfTw6qym
Augustus	https://www.wikidata.org/wiki/Q1405	32	2	3	https://godot.date/id/MUKrwiuYcdfpwqh985kz5F
Augustus	https://www.wikidata.org/wiki/Q1405	33	3	4	https://godot.date/id/5VgnEXj8QobiE6B9wKSTWL
Augustus	https://www.wikidata.org/wiki/Q1405	34	4	5	https://godot.date/id/i5Zw27go8pjKHXtwxf8zMQ
Augustus	https://www.wikidata.org/wiki/Q1405	35	5	6	https://godot.date/id/Xb9ykEgoH4kxxmYYBLxme8
Augustus	https://www.wikidata.org/wiki/Q1405	36	6	7	https://godot.date/id/YcTsoTpxyvNywvvbfNUShN
Augustus	https://www.wikidata.org/wiki/Q1405	37	7	8	https://godot.date/id/YibLTWzuxVrutdFBLjWEKi
Augustus	https://www.wikidata.org/wiki/Q1405	38	8	9	https://godot.date/id/dDCY3dT2rb72Qs9aSsQQZA
Augustus	https://www.wikidata.org/wiki/Q1405	39	9	10	https://godot.date/id/6EbuFnvbEkT4bgCZrfgqr9
Augustus	https://www.wikidata.org/wiki/Q1405	40	10	11	https://godot.date/id/f8mVzB5aQNoVeQHfENZzM3
Augustus	https://www.wikidata.org/wiki/Q1405	41	11	12	https://godot.date/id/MemHSUpzrErNujT9gScmtK
Augustus	https://www.wikidata.org/wiki/Q1405	42	12	13	https://godot.date/id/an5R2DqxomG8Z4tmntZRUa
Augustus	https://www.wikidata.org/wiki/Q1405	43	13	14	https://godot.date/id/9hZMR8P5gpcT5YKKaggRNh
Tiberius	https://www.wikidata.org/wiki/Q1407	1	14	15	https://godot.date/id/3CZjmemmRghqgKBz8XcuXY
Tiberius	https://www.wikidata.org/wiki/Q1407	2	15	16	https://godot.date/id/TmqV5mtTtReQccDNL2UmtE
Tiberius	https://www.wikidata.org/wiki/Q1407	3	16	17	https://godot.date/id/pB9qqqchGd5pwKK8gR29zL
Tiberius	https://www.wikidata.org/wiki/Q1407	4	17	18	https://godot.date/id/bNWqFRKubftMsEMwtyLk5b
Tiberius	https://www.wikidata.org/wiki/Q1407	5	18	19	https://godot.date/id/QmidqE85R9THPTcktz52Fk
Tiberius	https://www.wikidata.org/wiki/Q1407	6	19	20	https://godot.date/id/GjEYPsxAXWnePGx5rJvE57
Tiberius	https://www.wikidata.org/wiki/Q1407	7	20	21	https://godot.date/id/5ZCzEz8EFHV2Pnbrm8GTNR
Tiberius	https://www.wikidata.org/wiki/Q1407	8	21	22	https://godot.date/id/pCh3SUfJKbT9YpQRa8AiXL
Tiberius	https://www.wikidata.org/wiki/Q1407	9	22	23	https://godot.date/id/GW2PoeBQWNwyHdrGXQkDug
Tiberius	https://www.wikidata.org/wiki/Q1407	10	23	24	https://godot.date/id/jXviFEHWZ6gDyPFbGzmdF7
Tiberius	https://www.wikidata.org/wiki/Q1407	11	24	25	https://godot.date/id/rW6yYECkdQKcGk6MRZxT58
Tiberius	https://www.wikidata.org/wiki/Q1407	12	25	26	https://godot.date/id/WhaYV4ayRjxhyYy9eBJ35T
Tiberius	https://www.wikidata.org/wiki/Q1407	13	26	27	https://godot.date/id/jXvFQZWoipDCjd5KHjLxTU
Tiberius	https://www.wikidata.org/wiki/Q1407	14	27	28	https://godot.date/id/mhhXP4dSrFqYvan8QFLN2B
Tiberius	https://www.wikidata.org/wiki/Q1407	15	28	29	https://godot.date/id/G3aT9PfYBHC2G8krazCBXg
Tiberius	https://www.wikidata.org/wiki/Q1407	16	29	30	https://godot.date/id/gSp4Lavv53pXZiT39usNCY
Tiberius	https://www.wikidata.org/wiki/Q1407	17	30	31	https://godot.date/id/EFDXDfpQEizGwjqLbwh2rK
Tiberius	https://www.wikidata.org/wiki/Q1407	18	31	32	https://godot.date/id/xsHH42Pmg8DBTjeDFPeGtL
Tiberius	https://www.wikidata.org/wiki/Q1407	19	32	33	https://godot.date/id/myAAGckgrcMvnNhxHcPJvP
Tiberius	https://www.wikidata.org/wiki/Q1407	20	33	34	https://godot.date/id/McjrFhSGQbDcNWYJ4dWpkm
Tiberius	https://www.wikidata.org/wiki/Q1407	21	34	35	https://godot.date/id/uwTjEbD4Labfm2EWw48W5h
Tiberius	https://www.wikidata.org/wiki/Q1407	22	35	36	https://godot.date/id/ZKybq5Zir3FZHxrDR5Lsud
Tiberius	https://www.wikidata.org/wiki/Q1407	23	36	37	https://godot.date/id/yNHSsBvqmZZURuj32by9W5
Caligula	http://www.wikidata.org/entity/Q1409	1	37	37	https://godot.date/id/c6qhRN82T2G43bBJhCRkMA
Caligula	http://www.wikidata.org/entity/Q1409	2	37	38	https://godot.date/id/9u2wZNNzSnPvuBSmFLoe3e
Caligula	http://www.wikidata.org/entity/Q1409	3	38	39	https://godot.date/id/B3YLAmBFsroqXPK5JvHrTK
Caligula	http://www.wikidata.org/entity/Q1409	4	39	40	https://godot.date/id/w7y6tBNHt3jeeFAnaBLxzn
Caligula	http://www.wikidata.org/entity/Q1409	5	40	41	https://godot.date/id/mM8GX5tRx8bKqtdZRa6GDV
Claudius	http://www.wikidata.org/entity/Q1411	1	41	41	https://godot.date/id/ztJwVWgf6NYtoKMQCakxw6
Claudius	http://www.wikidata.org/entity/Q1411	2	41	42	https://godot.date/id/Q7d27akTAUgaUdAGShoDj5
Claudius	http://www.wikidata.org/entity/Q1411	3	42	43	https://godot.date/id/QXTrcrBHe8DtapEGooU3AN
Claudius	http://www.wikidata.org/entity/Q1411	4	43	44	https://godot.date/id/Vch3MrXApohfv7MEvwRpjE
Claudius	http://www.wikidata.org/entity/Q1411	5	44	45	https://godot.date/id/9PxQ4tqEfd6UgSbMTpmzAh
Claudius	http://www.wikidata.org/entity/Q1411	6	45	46	https://godot.date/id/SnL6HJLfUFUHcJB7zjZQEP
Claudius	http://www.wikidata.org/entity/Q1411	7	46	47	https://godot.date/id/Uy9tV3u7SJMBvE2nWpwjvS
Claudius	http://www.wikidata.org/entity/Q1411	8	47	48	https://godot.date/id/XB59ReVFta6VXHFE7f9Da8
Claudius	http://www.wikidata.org/entity/Q1411	9	48	49	https://godot.date/id/yUyxPJUsDa5q49S4TgsBGb
Claudius	http://www.wikidata.org/entity/Q1411	10	49	50	https://godot.date/id/gKJKjDMbeTVEDmbVqj7wuH
Claudius	http://www.wikidata.org/entity/Q1411	11	50	51	https://godot.date/id/4zNw8HkQwY9EJVx7WF54i6
Claudius	http://www.wikidata.org/entity/Q1411	12	51	52	https://godot.date/id/vCpkVrPwRCLYvjQpCcWcbk
Claudius	http://www.wikidata.org/entity/Q1411	13	52	53	https://godot.date/id/XnuNN9Bf5g3UGep3n86hR4
Claudius	http://www.wikidata.org/entity/Q1411	14	53	54	https://godot.date/id/4o5m4vKv96NpHxbRYaVstW
Claudius	http://www.wikidata.org/entity/Q1411	15	54	54	https://godot.date/id/rPb8nAt73DPXmdToenjHWL
Nero	http://www.wikidata.org/entity/Q1413	1	54	55	https://godot.date/id/TTMQGZPooWpa6k7E5biS4K
Nero	http://www.wikidata.org/entity/Q1413	2	55	56	https://godot.date/id/SiPF7GhW6xvNwpuzZwHnPh
Nero	http://www.wikidata.org/entity/Q1413	3	56	57	https://godot.date/id/Lv8AKShfUSoHsNsLir8hXX
Nero	http://www.wikidata.org/entity/Q1413	4	57	58	https://godot.date/id/uAsyau9cEwKnLv5nqVF9iE
Nero	http://www.wikidata.org/entity/Q1413	5	58	59	https://godot.date/id/ZrGhMofj9J7wYRdKDVb4gQ
Nero	http://www.wikidata.org/entity/Q1413	6	59	60	https://godot.date/id/FAzZad3ZemJuLx9sWVfVmc
Nero	http://www.wikidata.org/entity/Q1413	7	60	61	https://godot.date/id/my3iABhkhYY8qFgfPReczM
Nero	http://www.wikidata.org/entity/Q1413	8	61	62	https://godot.date/id/T7SvAb2E7Z3TNLg7kJcBpT
Nero	http://www.wikidata.org/entity/Q1413	9	62	63	https://godot.date/id/JrGBms2qzSyJFFiXm9BkHj
Nero	http://www.wikidata.org/entity/Q1413	10	63	64	https://godot.date/id/6utcUzeVGfJh4zuhxHfrXb
Nero	http://www.wikidata.org/entity/Q1413	11	64	65	https://godot.date/id/cLLBFogahiadqn2tjQJKca
Nero	http://www.wikidata.org/entity/Q1413	12	65	66	https://godot.date/id/9sfcXW6dn4CV4SuaZTVE7c
Nero	http://www.wikidata.org/entity/Q1413	13	66	67	https://godot.date/id/iMuF2J3n55PZ77z9ToVgnA
Nero	http://www.wikidata.org/entity/Q1413	14	67	68	https://godot.date/id/GhZicvdp7vf5m4RTHbepac
Galba	http://www.wikidata.org/entity/Q1414	1	68	68	https://godot.date/id/rXG7GvrrXypsANuqFyGLx8
Galba	http://www.wikidata.org/entity/Q1414	2	68	69	https://godot.date/id/TGHgskP3oVyES5sbkr5ATo
Otho	http://www.wikidata.org/entity/Q1416	1	69	69	https://godot.date/id/UUZVSaMV5a9untwdNqqPZb
Vitellius	http://www.wikidata.org/entity/Q1417	1	69	69	https://godot.date/id/BPx9Us6KZqwWWbJsyn7XuB
Vitellius	http://www.wikidata.org/entity/Q1417	2	69	69	https://godot.date/id/RCoUUJ3mYg6gbuKs9ZQ5jA
Vespasian	http://www.wikidata.org/entity/Q1419	1	69	69	https://godot.date/id/QXoTRFF78TbQyBAT5upCHo
Vespasian	http://www.wikidata.org/entity/Q1419	2	69	70	https://godot.date/id/bFE9R89HBQ8bXsVMAGyyed
Vespasian	http://www.wikidata.org/entity/Q1419	3	70	71	https://godot.date/id/DfsXa7wTtA88LBLfNjiwqK
Vespasian	http://www.wikidata.org/entity/Q1419	4	71	72	https://godot.date/id/GQSh9kAYo7PiRjV2hS9LrK
Vespasian	http://www.wikidata.org/entity/Q1419	5	72	73	https://godot.date/id/JyeuNuDqojYAHYM5P3vV5Z
Vespasian	http://www.wikidata.org/entity/Q1419	6	73	74	https://godot.date/id/oYhXSBnGrsxWBU65iDjK3B
Vespasian	http://www.wikidata.org/entity/Q1419	7	74	75	https://godot.date/id/tRnNVhEYLDQBYnqE5J6Z6H
Vespasian	http://www.wikidata.org/entity/Q1419	8	75	76	https://godot.date/id/BNVE4ovPzbtqRAUA2npaQb
Vespasian	http://www.wikidata.org/entity/Q1419	9	76	77	https://godot.date/id/TKfLDNHXeKRMY2WBJbX9Lb
Vespasian	http://www.wikidata.org/entity/Q1419	10	77	78	https://godot.date/id/es6itKtYTeEpGMimPb5fo7
Vespasian	http://www.wikidata.org/entity/Q1419	11	78	79	https://godot.date/id/cym8vxRuQbUcPzDamTvuCJ
Titus	http://www.wikidata.org/entity/Q1421	1	79	79	https://godot.date/id/QLnzuuzsBJzYsVJmR2qc2C
Titus	http://www.wikidata.org/entity/Q1421	2	79	80	https://godot.date/id/H9UPi4sZgexNbBdm54nWp8
Titus	http://www.wikidata.org/entity/Q1421	3	80	81	https://godot.date/id/UkwjMMzWKheQLnAPrdixYP
Titus	http://www.wikidata.org/entity/Q1421	4	81	81	https://godot.date/id/yDDcx73jogZkzNvnsqMxVJ
Domitian	http://www.wikidata.org/entity/Q1423	1	81	82	https://godot.date/id/HuFEWss5xHDhPhPyEeRzQf
Domitian	http://www.wikidata.org/entity/Q1423	2	82	83	https://godot.date/id/X5VxPhfFpaTnahDE8oJUd6
Domitian	http://www.wikidata.org/entity/Q1423	3	83	84	https://godot.date/id/8W9DWEoK6n2rdX8gjHiaRW
Domitian	http://www.wikidata.org/entity/Q1423	4	84	85	https://godot.date/id/2eGYGLz2SMj7cXK27oNSNn
Domitian	http://www.wikidata.org/entity/Q1423	5	85	86	https://godot.date/id/PGJYq4iaK2dyG88PkKs6xb
Domitian	http://www.wikidata.org/entity/Q1423	6	86	87	https://godot.date/id/DzcRHfbxudjDfmEQG7hEuR
Domitian	http://www.wikidata.org/entity/Q1423	7	87	88	https://godot.date/id/KQKEMDkbhDS5SBZmV5dDgZ
Domitian	http://www.wikidata.org/entity/Q1423	8	88	89	https://godot.date/id/6DQUEwFVWY2wxr8FygY9B3
Domitian	http://www.wikidata.org/entity/Q1423	9	89	90	https://godot.date/id/3wRYQU4ojx8NJbe4oDBhKK
Domitian	http://www.wikidata.org/entity/Q1423	10	90	91	https://godot.date/id/fRGLRQMyRQJPUXcDB3vfZA
Domitian	http://www.wikidata.org/entity/Q1423	11	91	92	https://godot.date/id/YvJH8qjbf3sH8tyb7zrhyi
Domitian	http://www.wikidata.org/entity/Q1423	12	92	93	https://godot.date/id/w4YJCSTXCcFoNQbmbbTmik
Domitian	http://www.wikidata.org/entity/Q1423	13	93	94	https://godot.date/id/6heqX3yFRWL7GCQCc74SC5
Domitian	http://www.wikidata.org/entity/Q1423	14	94	95	https://godot.date/id/sFjBTrYqCVwqv6bGHuMbHD
Domitian	http://www.wikidata.org/entity/Q1423	15	95	96	https://godot.date/id/iJS58WC526ji8GVWkaU6K7
Domitian	http://www.wikidata.org/entity/Q1423	16	96	96	https://godot.date/id/PApBcix2gCHKsyNQ3VU57e
Nerva	http://www.wikidata.org/entity/Q1424	1	96	97	https://godot.date/id/3CcUKygBkvfTxNtTuc4MYQ
Nerva	http://www.wikidata.org/entity/Q1424	2	97	98	https://godot.date/id/QEJMSwpg8ADAAvQJpMkAKh
Trajan	http://www.wikidata.org/entity/Q1425	1	98	98	https://godot.date/id/RAmHHqXTFbJvyxvwbab7v8
Trajan	http://www.wikidata.org/entity/Q1425	2	98	99	https://godot.date/id/vx2cc5oyGo7r3cGWoBJwSW
Trajan	http://www.wikidata.org/entity/Q1425	3	99	100	https://godot.date/id/FHGLZpeGrncqNkCcm3SXKQ
Trajan	http://www.wikidata.org/entity/Q1425	4	100	101	https://godot.date/id/YRQRgGLaavYXxuHtuLZPtG
Trajan	http://www.wikidata.org/entity/Q1425	5	101	102	https://godot.date/id/7aLvi4Xn9QbhdTJFYu5Sdm
Trajan	http://www.wikidata.org/entity/Q1425	6	102	103	https://godot.date/id/P9zkF6cwpXCQyVnbCfZXhF
Trajan	http://www.wikidata.org/entity/Q1425	7	103	104	https://godot.date/id/u3fQYKUxLDY3oRs57jqead
Trajan	http://www.wikidata.org/entity/Q1425	8	104	105	https://godot.date/id/6UWFJVzpf2hTjdJ37aJvH8
Trajan	http://www.wikidata.org/entity/Q1425	9	105	106	https://godot.date/id/j4wVuxKiEDoKtGf3Z3wu2V
Trajan	http://www.wikidata.org/entity/Q1425	10	106	107	https://godot.date/id/WWhexyw5hhr8ZZun3JzXHE
Trajan	http://www.wikidata.org/entity/Q1425	11	107	108	https://godot.date/id/hVMow6CuJTTBGCCsUm3eCV
Trajan	http://www.wikidata.org/entity/Q1425	12	108	109	https://godot.date/id/72RuvsnVsGCJbxrGzeerGh
Trajan	http://www.wikidata.org/entity/Q1425	13	109	110	https://godot.date/id/HuhEKJd8jU3YqdPZ2NPSdK
Trajan	http://www.wikidata.org/entity/Q1425	14	110	111	https://godot.date/id/2r9jjYu34QtEFJLCSgr7U9
Trajan	http://www.wikidata.org/entity/Q1425	15	111	112	https://godot.date/id/UohvNoFKvab2jCogQzwCrg
Trajan	http://www.wikidata.org/entity/Q1425	16	112	113	https://godot.date/id/cPdbBX2mbWZJccJX55cYeE
Trajan	http://www.wikidata.org/entity/Q1425	17	113	114	https://godot.date/id/bWYErmmYtARpvB7joSfqQS
Trajan	http://www.wikidata.org/entity/Q1425	18	114	115	https://godot.date/id/pzpsUQPnAXJi5Z6WFaQurg
Trajan	http://www.wikidata.org/entity/Q1425	19	115	116	https://godot.date/id/Kp9KfXg7vkGmrkiiXiGgDj
Trajan	http://www.wikidata.org/entity/Q1425	20	116	117	https://godot.date/id/PYgQe5hsxEJ55JCsQywgiD
Hadrian	http://www.wikidata.org/entity/Q1427	1	117	117	https://godot.date/id/wVRBErfVjYasziXmwts6uP
Hadrian	http://www.wikidata.org/entity/Q1427	2	117	118	https://godot.date/id/SBV8RNTPzvd8ezmc4A4WJ5
Hadrian	http://www.wikidata.org/entity/Q1427	3	118	119	https://godot.date/id/TtT8FWJxgdxnXoqqk9fBGS
Hadrian	http://www.wikidata.org/entity/Q1427	4	119	120	https://godot.date/id/EKnYChjpwrAuyfmLPZimAi
Hadrian	http://www.wikidata.org/entity/Q1427	5	120	121	https://godot.date/id/cBGppCvHu4hb3Kc3qrzVXB
Hadrian	http://www.wikidata.org/entity/Q1427	6	121	122	https://godot.date/id/FMpesxnsHZg6akSpHjZ9iG
Hadrian	http://www.wikidata.org/entity/Q1427	7	122	123	https://godot.date/id/7SkKzfKjVp8Dmteur9UnJg
Hadrian	http://www.wikidata.org/entity/Q1427	8	123	124	https://godot.date/id/sJawA6mzovE7amfRuHJUvG
Hadrian	http://www.wikidata.org/entity/Q1427	9	124	125	https://godot.date/id/MmtL48ocEJXgFAo78cnPuC
Hadrian	http://www.wikidata.org/entity/Q1427	10	125	126	https://godot.date/id/rYNLVsqj7TLNSjmCbtNmXd
Hadrian	http://www.wikidata.org/entity/Q1427	11	126	127	https://godot.date/id/2sq45Jo6NikEoUDUNCtX2Q
Hadrian	http://www.wikidata.org/entity/Q1427	12	127	128	https://godot.date/id/WmwBibVGUKMLQtkEFnJhLZ
Hadrian	http://www.wikidata.org/entity/Q1427	13	128	129	https://godot.date/id/qHfTMTKjMZaJX8SK56vAuc
Hadrian	http://www.wikidata.org/entity/Q1427	14	129	130	https://godot.date/id/43mGnz9L9cawuxR42MGYvY
Hadrian	http://www.wikidata.org/entity/Q1427	15	130	131	https://godot.date/id/nSAdn2zJUhF2MRXWjJEiQN
Hadrian	http://www.wikidata.org/entity/Q1427	16	131	132	https://godot.date/id/vuv9pZMcJDsEhDNN6ts5N5
Hadrian	http://www.wikidata.org/entity/Q1427	17	132	133	https://godot.date/id/xC2qmfWh3vNSrKD2jBowpZ
Hadrian	http://www.wikidata.org/entity/Q1427	18	133	134	https://godot.date/id/nz8dXXD3iZ5bRE4xmP6T7Y
Hadrian	http://www.wikidata.org/entity/Q1427	19	134	135	https://godot.date/id/EnF6QfK9swAxid5yncViSS
Hadrian	http://www.wikidata.org/entity/Q1427	20	135	136	https://godot.date/id/NTJFHpBGu2pXFu8xgPq6Xi
Hadrian	http://www.wikidata.org/entity/Q1427	21	136	137	https://godot.date/id/VfSwDBxbpPFKgB2qRyckNY
Hadrian	http://www.wikidata.org/entity/Q1427	22	137	138	https://godot.date/id/jWMWYDZ46cmugyaZafvoW7
Antoninus Pius	http://www.wikidata.org/entity/Q1429	1	138	138	https://godot.date/id/vcg7uuJPDQ2RBLQ6mb65Jj
Antoninus Pius	http://www.wikidata.org/entity/Q1429	2	138	139	https://godot.date/id/DkCH5oy7roFaDQPdWbmhBM
Antoninus Pius	http://www.wikidata.org/entity/Q1429	3	139	140	https://godot.date/id/wYcP95Wzdj2WtbxFnqsta6
Antoninus Pius	http://www.wikidata.org/entity/Q1429	4	140	141	https://godot.date/id/mGdcjdA8SnjqCjMx4mdLTj
Antoninus Pius	http://www.wikidata.org/entity/Q1429	5	141	142	https://godot.date/id/Pb2j9CHf3b7RuM6fZYpCD8
Antoninus Pius	http://www.wikidata.org/entity/Q1429	6	142	143	https://godot.date/id/45rCuc6Ahfprv4cmGNgk3Z
Antoninus Pius	http://www.wikidata.org/entity/Q1429	7	143	144	https://godot.date/id/4QRd3LJTtrQQngB9QqkXaj
Antoninus Pius	http://www.wikidata.org/entity/Q1429	8	144	145	https://godot.date/id/X5QFzEUs2iLKVbJd6oezGm
Antoninus Pius	http://www.wikidata.org/entity/Q1429	9	145	146	https://godot.date/id/mi53CUuuw8BAhHBPQ9fiRK
Antoninus Pius	http://www.wikidata.org/entity/Q1429	10	146	147	https://godot.date/id/jqYAHDXbRG5gEjZgZ5G4HP
Antoninus Pius	http://www.wikidata.org/entity/Q1429	11	147	148	https://godot.date/id/Hsj3zhgLBsiSpSmphXYxEF
Antoninus Pius	http://www.wikidata.org/entity/Q1429	12	148	149	https://godot.date/id/q9d2UfUcnzNvzeAA3YzSbb
Antoninus Pius	http://www.wikidata.org/entity/Q1429	13	149	150	https://godot.date/id/SVh2S5VNiQ3AtwdesNgbWW
Antoninus Pius	http://www.wikidata.org/entity/Q1429	14	150	151	https://godot.date/id/mmA7ffSht4wY77xnqfednW
Antoninus Pius	http://www.wikidata.org/entity/Q1429	15	151	152	https://godot.date/id/r4U7YkGxSAfm36YGMiVS8G
Antoninus Pius	http://www.wikidata.org/entity/Q1429	16	152	153	https://godot.date/id/Pb9nhBw4KVT8Aoe7gSNqHB
Antoninus Pius	http://www.wikidata.org/entity/Q1429	17	153	154	https://godot.date/id/mqE6MkHQUvz3cmSyuxjds6
Antoninus Pius	http://www.wikidata.org/entity/Q1429	18	154	155	https://godot.date/id/rAMv7h943Zt3orhichLSC3
Antoninus Pius	http://www.wikidata.org/entity/Q1429	19	155	156	https://godot.date/id/sD7vJh7yTr9rnuFuuH9QDM
Antoninus Pius	http://www.wikidata.org/entity/Q1429	20	156	157	https://godot.date/id/h2wxncpYFGRLpRfKXrsnQi
Antoninus Pius	http://www.wikidata.org/entity/Q1429	21	157	158	https://godot.date/id/qqkUAqkM4aFYBC8jdRGkY8
Antoninus Pius	http://www.wikidata.org/entity/Q1429	22	158	159	https://godot.date/id/TcvozneFrAEhAuG44bbrVX
Antoninus Pius	http://www.wikidata.org/entity/Q1429	23	159	160	https://godot.date/id/fRF8HCbW34zdVv8Ut82vDj
Antoninus Pius	http://www.wikidata.org/entity/Q1429	24	160	161	https://godot.date/id/CoiYxYRCBdzwWu65oYgPp2
Marc Aurel	http://www.wikidata.org/entity/Q1430	1	161	161	https://godot.date/id/LWdJCf6KsZY9oHSkNTqink
Marc Aurel	http://www.wikidata.org/entity/Q1430	2	161	162	https://godot.date/id/x8XkGdikBMKSMT83WW2foH
Marc Aurel	http://www.wikidata.org/entity/Q1430	3	162	163	https://godot.date/id/wN3p6yEYVYWtdWAwR4gfri
Marc Aurel	http://www.wikidata.org/entity/Q1430	4	163	164	https://godot.date/id/sPDp5oPZxgydNuXG3w3qdj
Marc Aurel	http://www.wikidata.org/entity/Q1430	5	164	165	https://godot.date/id/yxPaZZrtZV6ur6CguVU6P8
Marc Aurel	http://www.wikidata.org/entity/Q1430	6	165	166	https://godot.date/id/Gd6KH2WWZvXyjEHkKVpvka
Marc Aurel	http://www.wikidata.org/entity/Q1430	7	166	167	https://godot.date/id/wJ4vj8SDCFsYdZbsjmNoUS
Marc Aurel	http://www.wikidata.org/entity/Q1430	8	167	168	https://godot.date/id/XrQuWM79BSoBLmPfqECAxS
Marc Aurel	http://www.wikidata.org/entity/Q1430	9	168	169	https://godot.date/id/7P487ryfLXAZPh2t7XZGD8
Marc Aurel	http://www.wikidata.org/entity/Q1430	10	169	170	https://godot.date/id/bjpiCVt3d3CKfzJJW8mDhQ
Marc Aurel	http://www.wikidata.org/entity/Q1430	11	170	171	https://godot.date/id/unQFbF6u5b9XkfgexPNYXa
Marc Aurel	http://www.wikidata.org/entity/Q1430	12	171	172	https://godot.date/id/vB5Q37Kc8mz8g8QSCfprEZ
Marc Aurel	http://www.wikidata.org/entity/Q1430	13	172	173	https://godot.date/id/BdJByQJ4hkoezPgcbK9TYV
Marc Aurel	http://www.wikidata.org/entity/Q1430	14	173	174	https://godot.date/id/6nJXx6ZjmdChat6dEygNFi
Marc Aurel	http://www.wikidata.org/entity/Q1430	15	174	175	https://godot.date/id/Rb3GTLbfFi4YvsiHxHYaph
Marc Aurel	http://www.wikidata.org/entity/Q1430	16	175	176	https://godot.date/id/qHRP37v3keHkarkZSXytNh
Marc Aurel	http://www.wikidata.org/entity/Q1430	17	176	177	https://godot.date/id/VZq9X4wgwJCJwfoesbgkSc
Marc Aurel	http://www.wikidata.org/entity/Q1430	18	177	178	https://godot.date/id/RGUeJ7rCCyZhP5k7c8UEkQ
Marc Aurel	http://www.wikidata.org/entity/Q1430	19	178	179	https://godot.date/id/cgRKi7xMj6NNyHjnUKvPqE
Marc Aurel	http://www.wikidata.org/entity/Q1430	20	179	180	https://godot.date/id/NRMhofsPVTyaTLD8NmDVUG
Commodus	http://www.wikidata.org/entity/Q1434	20	180	180	https://godot.date/id/36fnpceX4xsFdyVMvXMo5D
Commodus	http://www.wikidata.org/entity/Q1434	21	180	181	https://godot.date/id/SHa8jZWMw5tZF25b3THUGE
Commodus	http://www.wikidata.org/entity/Q1434	22	181	182	https://godot.date/id/JjmwizrLiR5dS73yiwAuUB
Commodus	http://www.wikidata.org/entity/Q1434	23	182	183	https://godot.date/id/5Aw8pYaMM3YikndWg8PVaH
Commodus	http://www.wikidata.org/entity/Q1434	24	183	184	https://godot.date/id/fwH89tb2W4g7Bd5qKxiLf8
Commodus	http://www.wikidata.org/entity/Q1434	25	184	185	https://godot.date/id/kjTkeWUYaj8sMfSqDVLsKh
Commodus	http://www.wikidata.org/entity/Q1434	26	185	186	https://godot.date/id/skoXiTfaZzJmw4SS9PonH7
Commodus	http://www.wikidata.org/entity/Q1434	27	186	187	https://godot.date/id/zeM6S3uvioK3LsAg6fJfhi
Commodus	http://www.wikidata.org/entity/Q1434	28	187	188	https://godot.date/id/w6TJwRpsaAuzQYvcuemiYQ
Commodus	http://www.wikidata.org/entity/Q1434	29	188	189	https://godot.date/id/VAENtNY6MC2KW2JwN9dnUm
Commodus	http://www.wikidata.org/entity/Q1434	30	189	190	https://godot.date/id/BTPx6Rf42k4VTWjmo3c58V
Commodus	http://www.wikidata.org/entity/Q1434	31	190	191	https://godot.date/id/GCNWYHzhoPpEKe3jedYkzi
Commodus	http://www.wikidata.org/entity/Q1434	32	191	192	https://godot.date/id/BxCzf5wWT4YYVyX5mq8FRC
Commodus	http://www.wikidata.org/entity/Q1434	33	192	192	https://godot.date/id/Pes3gH95k2XiEWBXdB2MEd
Pertinax	http://www.wikidata.org/entity/Q1436	1	193	193	https://godot.date/id/j7bcfaYKwBTYSuLWbDQogg
Didius Iulianus	http://www.wikidata.org/entity/Q1436	1	193	193	https://godot.date/id/2f6tRCUnxnZs25zeUkJJmK
Pescennius Niger	https://www.wikidata.org/entity/Q201053	1	193	193	https://godot.date/id/Ui8SJhRkZG9D29nvFFmDvQ
Pescennius Niger	https://www.wikidata.org/entity/Q201053	2	193	194	https://godot.date/id/aZ9tocYGGRSKzbsxoRpTWL
Septimius Severus	http://www.wikidata.org/entity/Q1442	1	193	193	https://godot.date/id/ofAGnQA89hR7s3m7Y8GFH8
Septimius Severus	http://www.wikidata.org/entity/Q1442	2	193	194	https://godot.date/id/4qjGQkdrBp4kHvah88Hfh7
Septimius Severus	http://www.wikidata.org/entity/Q1442	3	194	195	https://godot.date/id/vpok4D9RG32fVFGLHGwJgd
Septimius Severus	http://www.wikidata.org/entity/Q1442	4	195	196	https://godot.date/id/qA2MkhkTWfFVfXAtrQstaU
Septimius Severus	http://www.wikidata.org/entity/Q1442	5	196	197	https://godot.date/id/ppoFMoVjb6bYVdHhqY95EJ
Septimius Severus	http://www.wikidata.org/entity/Q1442	6	197	198	https://godot.date/id/nLVUYDRt3W4FvJf26nrQ4g
Septimius Severus	http://www.wikidata.org/entity/Q1442	7	198	199	https://godot.date/id/HHHbevCqKo6fnwX6KLSB3P
Septimius Severus	http://www.wikidata.org/entity/Q1442	8	199	200	https://godot.date/id/NqvQZiAQEKaWhEy3X6pAmi
Septimius Severus	http://www.wikidata.org/entity/Q1442	9	200	201	https://godot.date/id/skQw8eekvbUNyHGEXyMofQ
Septimius Severus	http://www.wikidata.org/entity/Q1442	10	201	202	https://godot.date/id/DikCzjw4wprbJWRzEaNS5C
Septimius Severus	http://www.wikidata.org/entity/Q1442	11	202	203	https://godot.date/id/r5Ksv4QbbNpBMh8Bg32ybc
Septimius Severus	http://www.wikidata.org/entity/Q1442	12	203	204	https://godot.date/id/cntHyag82CSzUGH5KrNfES
Septimius Severus	http://www.wikidata.org/entity/Q1442	13	204	205	https://godot.date/id/PDa6nm38bVBhyXnpNDNnzK
Septimius Severus	http://www.wikidata.org/entity/Q1442	14	205	206	https://godot.date/id/6YpUZ2vdZkxnsThFVpNg3G
Septimius Severus	http://www.wikidata.org/entity/Q1442	15	206	207	https://godot.date/id/4Pz5mrCMxJw3ed4qTVC4Qd
Septimius Severus	http://www.wikidata.org/entity/Q1442	16	207	208	https://godot.date/id/i77sRXFbZ9fmKcANLTRejN
Septimius Severus	http://www.wikidata.org/entity/Q1442	17	208	209	https://godot.date/id/jvLRJM33ry2SBKwe7XHiEg
Septimius Severus	http://www.wikidata.org/entity/Q1442	18	209	210	https://godot.date/id/zMSuJ6eAZbwkgmZow9ZwZR
Septimius Severus	http://www.wikidata.org/entity/Q1442	19	210	211	https://godot.date/id/6wZW7AzX86mpBW2weQ8SmY
Caracalla	https://www.wikidata.org/entity/Q1446	6	197	198	https://godot.date/id/MGapERKvhSj7JWJBTmmNoR
Caracalla	https://www.wikidata.org/entity/Q1446	7	198	199	https://godot.date/id/UPDKV8mZNENzhg45ySAhCN
Caracalla	https://www.wikidata.org/entity/Q1446	8	199	200	https://godot.date/id/NAUJsomzTsadj3ptoaRwWC
Caracalla	https://www.wikidata.org/entity/Q1446	9	200	201	https://godot.date/id/GhYTXi9hwXcUeTKLFSMarn
Caracalla	https://www.wikidata.org/entity/Q1446	10	201	202	https://godot.date/id/Zx9vuBfwGCg5AVmh2WMQ8N
Caracalla	https://www.wikidata.org/entity/Q1446	11	202	203	https://godot.date/id/kEG79c7kCPhRPJDuzdoetP
Caracalla	https://www.wikidata.org/entity/Q1446	12	203	204	https://godot.date/id/iKeGFRqqJf8GaAEqGCjEqM
Caracalla	https://www.wikidata.org/entity/Q1446	13	204	205	https://godot.date/id/USyzFJMTzmZfWK5oCmKEEV
Caracalla	https://www.wikidata.org/entity/Q1446	14	205	206	https://godot.date/id/zGhR9BBwRCSX3Z5mS9Vbt2
Caracalla	https://www.wikidata.org/entity/Q1446	15	206	207	https://godot.date/id/Qh9BszKy3xfbgdfyM95xFo
Caracalla	https://www.wikidata.org/entity/Q1446	16	207	208	https://godot.date/id/HwsHXCVuB546G4vQfyXDcQ
Caracalla	https://www.wikidata.org/entity/Q1446	17	208	209	https://godot.date/id/X4h9GeTXzFyejbFyohJrxU
Caracalla	https://www.wikidata.org/entity/Q1446	18	209	210	https://godot.date/id/25EuwVJ9uoG7qkPHUbadKP
Caracalla	https://www.wikidata.org/entity/Q1446	19	210	211	https://godot.date/id/dEpFLQH6pgYoK9irsrMzWF
Caracalla	https://www.wikidata.org/entity/Q1446	20	211	212	https://godot.date/id/gCwxqcg8dXhJbSk9V9KAgm
Caracalla	https://www.wikidata.org/entity/Q1446	21	212	213	https://godot.date/id/grsQmpVdUaRJCC5fBTNKkC
Caracalla	https://www.wikidata.org/entity/Q1446	22	213	214	https://godot.date/id/qJjj9LpVmwRifGCgohDSXG
Caracalla	https://www.wikidata.org/entity/Q1446	23	214	215	https://godot.date/id/Ad3RtQ4bjKW2xGJyHKmo2k
Caracalla	https://www.wikidata.org/entity/Q1446	24	215	216	https://godot.date/id/9f2uAFwpeEioKkeXTpztWh
Caracalla	https://www.wikidata.org/entity/Q1446	25	216	217	https://godot.date/id/HHMzYRxDunMcyQGGEeiNgB
Geta	https://www.wikidata.org/entity/Q183089	17	209	209	https://godot.date/id/eEPUwNBsW2PiyV67bUjHGW
Geta	https://www.wikidata.org/entity/Q183089	18	209	210	https://godot.date/id/Q6fSMrkWkaBjSP4eAHQGa7
Geta	https://www.wikidata.org/entity/Q183089	19	210	211	https://godot.date/id/bSVd7GrkXkhD4k2BM5JZr3
Geta	https://www.wikidata.org/entity/Q183089	20	211	211	https://godot.date/id/SeLTMKF8tGfVeT7wQkFGsN
Macrinus	https://www.wikidata.org/entity/Q1752	1	217	217	https://godot.date/id/3x4dpmfERM2xRCzcxW5c25
Macrinus	https://www.wikidata.org/entity/Q1752	2	217	218	https://godot.date/id/EqXKAWDaBEori8gDmJSexd
Elagabal	https://www.wikidata.org/entity/Q1762	1	218	218	https://godot.date/id/rnfJzf5hXUDJXgKZRBdTgj
Elagabal	https://www.wikidata.org/entity/Q1762	2	218	219	https://godot.date/id/cFWZmsptmp9M27z9VbPQeB
Elagabal	https://www.wikidata.org/entity/Q1762	3	219	220	https://godot.date/id/qJSxgvm9sgFX9MtSXiEQvh
Elagabal	https://www.wikidata.org/entity/Q1762	4	220	221	https://godot.date/id/cis3HeQVfP2smpfQiJXnrh
Elagabal	https://www.wikidata.org/entity/Q1762	5	221	222	https://godot.date/id/2HooANsWQLXCjZRPkA7bjf
Severus Alexander	https://www.wikidata.org/entity/Q1769	1	222	222	https://godot.date/id/BHP2HHvaiWyvNSnM9XNaw7
Severus Alexander	https://www.wikidata.org/entity/Q1769	2	222	223	https://godot.date/id/hScfkDywNSmCB9c5dTmmvN
Severus Alexander	https://www.wikidata.org/entity/Q1769	3	223	224	https://godot.date/id/xmJvKQK2xNRKyuNQG8Aj3o
Severus Alexander	https://www.wikidata.org/entity/Q1769	4	224	225	https://godot.date/id/zvfD4ieLekWgYpvDDo54AK
Severus Alexander	https://www.wikidata.org/entity/Q1769	5	225	226	https://godot.date/id/NFRY6KF63eMk4NGAeWhe28
Severus Alexander	https://www.wikidata.org/entity/Q1769	6	226	227	https://godot.date/id/KDE4bkhtrwiZ4wc6JdFE9R
Severus Alexander	https://www.wikidata.org/entity/Q1769	7	227	228	https://godot.date/id/soH4KQMBnPVjRDxzr4xM76
Severus Alexander	https://www.wikidata.org/entity/Q1769	8	228	229	https://godot.date/id/qgPc2sGxPn4MNERcwbrMvC
Severus Alexander	https://www.wikidata.org/entity/Q1769	9	229	230	https://godot.date/id/omgLHvdnYzuX3HDAmgUpHQ
Severus Alexander	https://www.wikidata.org/entity/Q1769	10	230	231	https://godot.date/id/6QaXrNPumc8nRdWs4tgHMc
Severus Alexander	https://www.wikidata.org/entity/Q1769	11	231	232	https://godot.date/id/Hg5R7MDzDEpJbnNJmrdoQm
Severus Alexander	https://www.wikidata.org/entity/Q1769	12	232	233	https://godot.date/id/CXYikmU6mAzxDC92iKtkzA
Severus Alexander	https://www.wikidata.org/entity/Q1769	13	233	234	https://godot.date/id/mFtSU3ctPUDrknhjLxAnJG
Severus Alexander	https://www.wikidata.org/entity/Q1769	14	234	235	https://godot.date/id/LcyduyDzyt6xqiWnDzmb7c
Maximinus Thrax	https://www.wikidata.org/entity/Q1777	1	235	235	https://godot.date/id/5DAvsqiKoAJ2FCGjE4NwyW
Maximinus Thrax	https://www.wikidata.org/entity/Q1777	2	235	236	https://godot.date/id/qjPwLikmJR4paPVvFFa2kS
Maximinus Thrax	https://www.wikidata.org/entity/Q1777	3	236	237	https://godot.date/id/esP4qn8bZ4uQLerpTtoMP7
Maximinus Thrax	https://www.wikidata.org/entity/Q1777	4	237	238	https://godot.date/id/uyKh2EC5XaNHgQvdfo8L8b
Pupienus	https://www.wikidata.org/entity/Q1797	1	238	238	https://godot.date/id/qHuNLjmDUBGrQLwU8oHgcA
Balbinus	https://www.wikidata.org/entity/Q1805	1	238	238	https://godot.date/id/G9SfovQXNrG9cAucMLPoeV
Gordian I	https://www.wikidata.org/entity/Q1782	1	238	238	https://godot.date/id/8Zjq4acbZmVNViuTLBSbXZ
Gordian II	https://www.wikidata.org/entity/Q1803	1	238	238	https://godot.date/id/NvTsr5anCgixRhcyTFfT6i
Gordian III	https://www.wikidata.org/entity/Q1812	1	238	238	https://godot.date/id/EkRTsEkMGyboBLJAeUJfsP
Gordian III	https://www.wikidata.org/entity/Q1812	2	238	239	https://godot.date/id/BDtoNK2DnHLCVwJafTrp2D
Gordian III	https://www.wikidata.org/entity/Q1812	3	239	240	https://godot.date/id/kKUj5nCefUHKWTeCPnc5mZ
Gordian III	https://www.wikidata.org/entity/Q1812	4	240	241	https://godot.date/id/P8nGp9yC9bhP67Q4xgcq73
Gordian III	https://www.wikidata.org/entity/Q1812	5	241	242	https://godot.date/id/C49ikdjgZ9rtie92fwJ5XJ
Gordian III	https://www.wikidata.org/entity/Q1812	6	242	243	https://godot.date/id/5kPochk8WtGkWUWbhWJTRk
Gordian III	https://www.wikidata.org/entity/Q1812	7	243	244	https://godot.date/id/KUzb22b6QuWEsEdgmvHCDN
Philippus Arabs	https://www.wikidata.org/wiki/Q1817	1	244	244	https://godot.date/id/Jj2Yavjs8FufCx24ctPruW
Philippus Arabs	https://www.wikidata.org/wiki/Q1817	2	244	245	https://godot.date/id/wkXAphNWL76RT7PPeTcoha
Philippus Arabs	https://www.wikidata.org/wiki/Q1817	3	245	246	https://godot.date/id/GgeUYp96dwauwNAG4LRKzE
Philippus Arabs	https://www.wikidata.org/wiki/Q1817	4	246	247	https://godot.date/id/FHgsPbAGGxpsdhLezypkbf
Philippus Arabs	https://www.wikidata.org/wiki/Q1817	5	247	248	https://godot.date/id/AAG7cF3hMeEyZfUhF9Ay7e
Philippus Arabs	https://www.wikidata.org/wiki/Q1817	6	248	249	https://godot.date/id/F3NVYBFs3Dg3dDKjq6kdaU
Philippus Arabs	https://www.wikidata.org/wiki/Q1817	7	249	249	https://godot.date/id/8tQb7XbM7XVmeCGdZJJs5P
Decius	https://www.wikidata.org/wiki/Q1830	1	249	250	https://godot.date/id/JMXoo6PHxFSjo4pxVHdTJL
Decius	https://www.wikidata.org/wiki/Q1830	2	250	251	https://godot.date/id/sedYELThKggdN2LSM3bHYC
Hostilianus	https://www.wikidata.org/entity/Q46837	1	251	251	https://godot.date/id/aXgUeLbdJ5dkj7HyVpCm5Y
Trebonianus Gallus	https://www.wikidata.org/wiki/Q171023	1	251	251	https://godot.date/id/AwqT4zRMPaTfXmKNH5u5zF
Trebonianus Gallus	https://www.wikidata.org/wiki/Q171023	2	251	252	https://godot.date/id/isfsyuZdimbD5BroZNnRxC
Trebonianus Gallus	https://www.wikidata.org/wiki/Q171023	3	252	253	https://godot.date/id/ahphx7Vcmo5ziU8xHyC9vi
Volusianus	https://www.wikidata.org/wiki/Q202222	1	251	251	https://godot.date/id/f94wvsqQXu9Yf2rDwtX6oi
Volusianus	https://www.wikidata.org/wiki/Q202222	2	251	252	https://godot.date/id/BDPFQYWpCTDiZwFSS4rB94
Volusianus	https://www.wikidata.org/wiki/Q202222	3	252	253	https://godot.date/id/mWhYKcmhQZoCNfmFRCvYBZ
Aemilius Aemilianus	https://www.wikidata.org/wiki/Q177980	1	253	253	https://godot.date/id/CpxtiywQvqL2ScVVMbfQkY
Aemilius Aemilianus	https://www.wikidata.org/wiki/Q177980	1	253	253	https://godot.date/id/5gMWvBmCuXAwsDTr8yUNVo
Valerian	https://www.wikidata.org/wiki/Q46750	1	253	254	https://godot.date/id/DcnBsWdCRUq3XBTEQyMQW9
Valerian	https://www.wikidata.org/wiki/Q46750	2	254	255	https://godot.date/id/iLS4mg8TXSC4aCiAwaustm
Valerian	https://www.wikidata.org/wiki/Q46750	3	255	256	https://godot.date/id/4zZZHSwWrYUB9uqdg72eYG
Valerian	https://www.wikidata.org/wiki/Q46750	4	256	257	https://godot.date/id/6VP5PkxAXiQJbBTedcR84j
Valerian	https://www.wikidata.org/wiki/Q46750	5	257	258	https://godot.date/id/NEkXQR9GFTr5CdL35XQiAN
Valerian	https://www.wikidata.org/wiki/Q46750	6	258	259	https://godot.date/id/xSVAiRXMz3gEPDk5CNFxiS
Valerian	https://www.wikidata.org/wiki/Q46750	7	259	260	https://godot.date/id/VcC9eRUcLtWvwajLQJaZVR
Gallienus	https://www.wikidata.org/wiki/Q104475	1	253	254	https://godot.date/id/CrWkyVkSwEAEc3FCHzTap3
Gallienus	https://www.wikidata.org/wiki/Q104475	2	254	255	https://godot.date/id/wfx2f5edDV9WrTZuhKivEA
Gallienus	https://www.wikidata.org/wiki/Q104475	3	255	256	https://godot.date/id/3kxhPGJ4UHQoX6EGGS6AhS
Gallienus	https://www.wikidata.org/wiki/Q104475	4	256	257	https://godot.date/id/fVK7qJv3MWt8Tk2LkXrYUG
Gallienus	https://www.wikidata.org/wiki/Q104475	5	257	258	https://godot.date/id/8Gn6CKYVpJ7fcxYXLfa4BZ
Gallienus	https://www.wikidata.org/wiki/Q104475	6	258	259	https://godot.date/id/LDcgPwBzVRBT8HkV5XxXaJ
Gallienus	https://www.wikidata.org/wiki/Q104475	7	259	260	https://godot.date/id/to4GG9pg2HnYWqjijuLNpm
Gallienus	https://www.wikidata.org/wiki/Q104475	8	260	261	https://godot.date/id/hKj7BGdHf46DE2RZ6zy9Wk
Gallienus	https://www.wikidata.org/wiki/Q104475	9	261	262	https://godot.date/id/AkHbCRHXJLcGLhTZ3TByk5
Gallienus	https://www.wikidata.org/wiki/Q104475	10	262	263	https://godot.date/id/9esLJj5P7brMBFqHFJbGSZ
Gallienus	https://www.wikidata.org/wiki/Q104475	11	263	264	https://godot.date/id/nouzgk6rsWr5Knxe4aufC7
Gallienus	https://www.wikidata.org/wiki/Q104475	12	264	265	https://godot.date/id/LDr9ucJzDfZyPNq4cLXgWi
Gallienus	https://www.wikidata.org/wiki/Q104475	13	265	266	https://godot.date/id/x7c8WgMGLZw5oNpdcJrtx6
Gallienus	https://www.wikidata.org/wiki/Q104475	14	266	267	https://godot.date/id/LkRwQr6KCwuxm6GeWbXZMe
Gallienus	https://www.wikidata.org/wiki/Q104475	15	267	268	https://godot.date/id/7h9q4abx7eCaEd98QQMkDM
Gallienus	https://www.wikidata.org/wiki/Q104475	16	268	268	https://godot.date/id/ghUSQJUYsNWgAAYHoeLK3S
Quietus	https://www.wikidata.org/entity/Q378700	1	260	261	https://godot.date/id/ftzRfbYNwjws22thxu7CVQ
Macrianus	https://www.wikidata.org/entity/Q378675	1	260	261	https://godot.date/id/N2SEVTcBkGBuAZ8R2QKnhD
Claudius II Gothicus	https://www.wikidata.org/wiki/Q46762	1	268	269	https://godot.date/id/eoK2FJosp8tMM46LXYBpwL
Claudius II Gothicus	https://www.wikidata.org/wiki/Q46762	2	269	270	https://godot.date/id/WhpkkbohMvNh2qtxtigmzb
Quintillus	https://www.wikidata.org/entity/Q185844	1	270	270	https://godot.date/id/aZjvyH7RLXbqLisNQrUwxd
Aurelian	https://www.wikidata.org/wiki/Q46780	1	270	270	https://godot.date/id/JNpakvt2PAnuDDcuLzKKyH
Aurelian	https://www.wikidata.org/wiki/Q46780	2	270	271	https://godot.date/id/bq2X3dJZ4etRL8XLpYDz5X
Aurelian	https://www.wikidata.org/wiki/Q46780	3	271	272	https://godot.date/id/cZfd5RnUuJBumZvuBLqyEm
Aurelian	https://www.wikidata.org/wiki/Q46780	4	272	273	https://godot.date/id/V6De74fKRavLV93CyLhEfJ
Aurelian	https://www.wikidata.org/wiki/Q46780	5	273	274	https://godot.date/id/XUTg5yBqXgX5ZQGVamjSFW
Aurelian	https://www.wikidata.org/wiki/Q46780	6	274	275	https://godot.date/id/A2EJGQu5qHP9jvdknN3RTa
Aurelian	https://www.wikidata.org/wiki/Q46780	7	275	275	https://godot.date/id/JV4sDhR5GGtpEAkwG38v9J
Tacitus	https://www.wikidata.org/wiki/Q177988	1	275	276	https://godot.date/id/zu8e3J7fdr9QgGPwawtU95
Probus	https://www.wikidata.org/wiki/Q187068	1	276	276	https://godot.date/id/ZoR35ZtkgRp2ybsrjdFs5N
Probus	https://www.wikidata.org/wiki/Q187068	2	276	277	https://godot.date/id/ZBFdXXq8DwgpaXGrs6qE2f
Probus	https://www.wikidata.org/wiki/Q187068	3	277	278	https://godot.date/id/mz8A3fRRobJGaT9eggTZSc
Probus	https://www.wikidata.org/wiki/Q187068	4	278	279	https://godot.date/id/4uYziLDsaqPCskXMcmGr7k
Probus	https://www.wikidata.org/wiki/Q187068	5	279	280	https://godot.date/id/wThHK8kjPtFLKfXJTsVAPM
Probus	https://www.wikidata.org/wiki/Q187068	6	280	281	https://godot.date/id/qd2KSyYi2CsenngnFX5Dfn
Probus	https://www.wikidata.org/wiki/Q187068	7	281	282	https://godot.date/id/u8pKZmXUVH8tvutPVcsVoD
Probus	https://www.wikidata.org/wiki/Q187068	8	282	282	https://godot.date/id/zkf9TSakaSijkCKTXQKwqG
Carus	https://www.wikidata.org/wiki/Q187004	1	282	283	https://godot.date/id/oq8BgamWgV6z8gfwdQwKcS
Carinus	https://www.wikidata.org/wiki/Q190097	1	283	283	https://godot.date/id/REaxerjoFMVDTki3DTsWcP
Carinus	https://www.wikidata.org/wiki/Q190097	2	283	284	https://godot.date/id/C4ZmL7GqwQBeW5tnWh2AJJ
Carinus	https://www.wikidata.org/wiki/Q190097	3	284	284	https://godot.date/id/6cjFwRezMS3QPtwsY7BHVF
Numerianus	https://www.wikidata.org/wiki/Q46821	1	283	283	https://godot.date/id/sy7asPVrzcfsbPkGKQ4JRN
Numerianus	https://www.wikidata.org/wiki/Q46821	2	283	284	https://godot.date/id/nCNSwbWy5U9XuEJwojL4LN
Numerianus	https://www.wikidata.org/wiki/Q46821	3	284	284	https://godot.date/id/7g2f8MHqnHygULKDKMQ27E
Diocletian	https://www.wikidata.org/wiki/Q43107	1	284	285	https://godot.date/id/ygekJxMSipCacBwpyEXVfB
Diocletian	https://www.wikidata.org/wiki/Q43107	2	285	286	https://godot.date/id/35PEoKEtv5oxYyVLTCKFkd
Diocletian	https://www.wikidata.org/wiki/Q43107	3	286	287	https://godot.date/id/Q2L7PdxcxsRhmkXgQgsnRQ
Diocletian	https://www.wikidata.org/wiki/Q43107	4	287	288	https://godot.date/id/XdcbymaXeDcco5PtmV9hiJ
Diocletian	https://www.wikidata.org/wiki/Q43107	5	288	289	https://godot.date/id/8fVMdLqWZj8XGmFRHmZWwD
Diocletian	https://www.wikidata.org/wiki/Q43107	6	289	290	https://godot.date/id/nNMgvjouesWF5XGxbBQCA9
Diocletian	https://www.wikidata.org/wiki/Q43107	7	290	291	https://godot.date/id/CiRTvzYiZUiRhdBkWrjip7
Diocletian	https://www.wikidata.org/wiki/Q43107	8	291	292	https://godot.date/id/zvuxctcCjTr8XRy4ekt3Sh
Diocletian	https://www.wikidata.org/wiki/Q43107	9	292	293	https://godot.date/id/nuaSxzexF8gNGJFeoWVQaR
Diocletian	https://www.wikidata.org/wiki/Q43107	10	293	294	https://godot.date/id/TFDoYRms6BJpXCTTtWsaoi
Diocletian	https://www.wikidata.org/wiki/Q43107	11	294	295	https://godot.date/id/zwiw6gyTbVH4rcAtMMfbX6
Diocletian	https://www.wikidata.org/wiki/Q43107	12	295	296	https://godot.date/id/5EHmPgMS7hhk2gY37jA3Cg
Diocletian	https://www.wikidata.org/wiki/Q43107	13	296	297	https://godot.date/id/53r362YuGLPikSrpFNSGMJ
Diocletian	https://www.wikidata.org/wiki/Q43107	14	297	298	https://godot.date/id/JH7sbGaiR6ppopwXjpvBqR
Diocletian	https://www.wikidata.org/wiki/Q43107	15	298	299	https://godot.date/id/faSCoaT3FnatumAmGHnwp3
Diocletian	https://www.wikidata.org/wiki/Q43107	16	299	300	https://godot.date/id/DXZY6iFCfVTVCavUjPAu6G
Diocletian	https://www.wikidata.org/wiki/Q43107	17	300	301	https://godot.date/id/r7NFYjXhHWHbStcuFiw6QZ
Diocletian	https://www.wikidata.org/wiki/Q43107	18	301	302	https://godot.date/id/8gz7NRHYpAoY6yn8MvkweR
Diocletian	https://www.wikidata.org/wiki/Q43107	19	302	303	https://godot.date/id/oYhrpEaaAt4E5WSieobv5N
Diocletian	https://www.wikidata.org/wiki/Q43107	20	303	304	https://godot.date/id/aSSCwjBRNNkVefB9h8QriB
Diocletian	https://www.wikidata.org/wiki/Q43107	21	304	305	https://godot.date/id/QALGZDVJj4ZQ8vHKCxdEcQ