emperor_label	wikidata_uri	imp_acc_no	not_before	not_after	time_span_end	date_is_uncertain	comment	godot_uri
Augustus	https://www.wikidata.org/wiki/Q1405	1	-0043-04-16					https://godot.date/id/wmb97v7u5LVWX7RXzpdSUJ
Augustus	https://www.wikidata.org/wiki/Q1405	2		-0040-03-15	-0040-09			https://godot.date/id/n9JKPdZDcwUb8SdYZ4pD3L
Augustus	https://www.wikidata.org/wiki/Q1405	3	-0040-09	-0040-10	-0036-08-01	TRUE		https://godot.date/id/eceS3NXyXv8257m85B2phM
Augustus	https://www.wikidata.org/wiki/Q1405	4	-0036-08-01	-0036-08-31	-0033			https://godot.date/id/u7ft3YbFdJJ3TttVG4rggR
Augustus	https://www.wikidata.org/wiki/Q1405	5	-0033		-0031-09-02	TRUE		https://godot.date/id/XsuFEThC2Hip2cXkbFb63N
Augustus	https://www.wikidata.org/wiki/Q1405	6	-0031-09-02		-0029			https://godot.date/id/B25yexE6NE4mytMPJ39muT
Augustus	https://www.wikidata.org/wiki/Q1405	7	-0029		-0025			https://godot.date/id/kXawBCEdDW8RxbiGY3H9wC
Augustus	https://www.wikidata.org/wiki/Q1405	8	-0025		-0020-05-12			https://godot.date/id/ojej7EXrzeZnV289K42kih
Augustus	https://www.wikidata.org/wiki/Q1405	9	-0020-05-12		-0015			https://godot.date/id/wfYYsewbDpbUHGX6q6dHB4
Augustus	https://www.wikidata.org/wiki/Q1405	10	-0015	-0014	-0012			https://godot.date/id/vyQ99hqvJ3ubTxdRN8UWQa
Augustus	https://www.wikidata.org/wiki/Q1405	11	-0012		-0011			https://godot.date/id/PGnGVGBivDyWSUtHFZU9DR
Augustus	https://www.wikidata.org/wiki/Q1405	12	-0011		-0010			https://godot.date/id/CkKhTKDRDCoRJbGpXXuvy3
Augustus	https://www.wikidata.org/wiki/Q1405	13	-0010	-0009	-0008			https://godot.date/id/sHpzaspCupvUyCQVGydob2
Augustus	https://www.wikidata.org/wiki/Q1405	14	-0008					https://godot.date/id/LV4Xug8DvE5hdzfmR38WcB
Augustus	https://www.wikidata.org/wiki/Q1405	15		0003-06	0003-09			https://godot.date/id/3sQnnafL3CLKYPEoSGAHwH
Augustus	https://www.wikidata.org/wiki/Q1405	16	0003-09	0003-10	0006			https://godot.date/id/gMmijnGQoC3rKvHTrwigmf
Augustus	https://www.wikidata.org/wiki/Q1405	17	0006		0008-07			https://godot.date/id/PFssjVmyPvAaCTL8Pj3iM4
Augustus	https://www.wikidata.org/wiki/Q1405	18	0008-07	0008-12	0009-08-03			https://godot.date/id/RGk6U8FhGLTCUBxBEaQMee
Augustus	https://www.wikidata.org/wiki/Q1405	19	0009-08-03	9	0011			https://godot.date/id/bkEvEDiyVT8HZZo4FecaF3
Augustus	https://www.wikidata.org/wiki/Q1405	20	0011		0013			https://godot.date/id/cQ4p5kJB7ZdT6UWNSVyEZi
Augustus	https://www.wikidata.org/wiki/Q1405	21	0013		0014-08-19			https://godot.date/id/eJDzn5wSnkRCNTWr5Ko8JV
Tiberius	https://www.wikidata.org/wiki/Q1407	1	-0009-09		-0008			https://godot.date/id/rEqGPBk7gnb7uuhbTuJ7GP
Tiberius	https://www.wikidata.org/wiki/Q1407	2	-0008		0005			https://godot.date/id/qLmamMKmbtVisdrKtDbdFi
Tiberius	https://www.wikidata.org/wiki/Q1407	3	0005	0006	0008			https://godot.date/id/uJmCC5d2NY2S3iAe7W6Af3
Tiberius	https://www.wikidata.org/wiki/Q1407	4	0008		0009-08-03			https://godot.date/id/k7LATE4rpe8K2YibquZ29M
Tiberius	https://www.wikidata.org/wiki/Q1407	5	0009-08-03		0011	TRUE		https://godot.date/id/BEKtxytgwokbngpQs97mmC
Tiberius	https://www.wikidata.org/wiki/Q1407	6	0011		0013	TRUE		https://godot.date/id/f8DCJwt98fwjBz3agJLZqm
Tiberius	https://www.wikidata.org/wiki/Q1407	7	0013		0016	TRUE		https://godot.date/id/4FowaKxvFkdujYp2NjsfEd
Tiberius	https://www.wikidata.org/wiki/Q1407	8	0016		0037-03-16			https://godot.date/id/2L2ATPGPF8cbsLDpJ2ZkyG
Caligula	https://www.wikidata.org/wiki/Q1409	7	0041-01		0041-01-24			https://godot.date/id/TMjS25bTm6GewCiiDBkr7S
Claudius	https://www.wikidata.org/wiki/Q1411	1	0041		0041			https://godot.date/id/hbfvqsqniQzvrzhkdh54ib
Claudius	https://www.wikidata.org/wiki/Q1411	2	0041		0041			https://godot.date/id/k6feQC4YV5pSA5vMhrFuVh
Claudius	https://www.wikidata.org/wiki/Q1411	3	0041		0043			https://godot.date/id/nU6ZNaqyXQ89ZNGVbx87da
Claudius	https://www.wikidata.org/wiki/Q1411	4	0043		0043			https://godot.date/id/eeUNGAcxR3UNmy8UkHXN8S
Claudius	https://www.wikidata.org/wiki/Q1411	5	0043		0043			https://godot.date/id/4sYXhTrnd4rq5ZAmiHhc8k
Claudius	https://www.wikidata.org/wiki/Q1411	6	0043		0043			https://godot.date/id/qEMdQ3RgNLX4X7XTsD25PN
Claudius	https://www.wikidata.org/wiki/Q1411	7	0043		0043			https://godot.date/id/sJaoSyaFNobV8oUwbCQYmf
Claudius	https://www.wikidata.org/wiki/Q1411	8	0043	0045	0045			https://godot.date/id/Sz3EGqLwcsJfpvBZLSaocP
Claudius	https://www.wikidata.org/wiki/Q1411	9	0045		0045			https://godot.date/id/ghPrCg7wKd7Ck9tdqzL6p9
Claudius	https://www.wikidata.org/wiki/Q1411	10	0045	0046	0046			https://godot.date/id/vcrAj3iGWtDNXkPu5SgYgQ
Claudius	https://www.wikidata.org/wiki/Q1411	11	0046		0046			https://godot.date/id/TL8FTGjYcXaoCYhQkj6j65
Claudius	https://www.wikidata.org/wiki/Q1411	12	0046	0047	0047			https://godot.date/id/ztL4EAzZDN3ggC5aqF3zVJ
Claudius	https://www.wikidata.org/wiki/Q1411	13	0047		0047			https://godot.date/id/nySz6nk4CACaazwgHfKpUX
Claudius	https://www.wikidata.org/wiki/Q1411	14	0047		0047			https://godot.date/id/pEHaR3iS4VGBpo3G9sixLh
Claudius	https://www.wikidata.org/wiki/Q1411	15	0047	0048	0048			https://godot.date/id/ujGQku6ddTPpNh5cJdFo4E
Claudius	https://www.wikidata.org/wiki/Q1411	16	0048	0049	0049			https://godot.date/id/A462xGQjk7c4X4tXaDQNX9
Claudius	https://www.wikidata.org/wiki/Q1411	17	0049		0049			https://godot.date/id/w6PkNzq8pZwkb4m6QgJMHX
Claudius	https://www.wikidata.org/wiki/Q1411	18	0049	0050	0050			https://godot.date/id/cG4LSPoHPkyEXoWNWpyoe2
Claudius	https://www.wikidata.org/wiki/Q1411	19	0050		0050			https://godot.date/id/u3jToeFFNkrCzXM3HkAqW3
Claudius	https://www.wikidata.org/wiki/Q1411	20	0050		0050			https://godot.date/id/oKGWs2MFWwvgiN5kgnvYgD
Claudius	https://www.wikidata.org/wiki/Q1411	21	0050		0051			https://godot.date/id/WsW3aTxXLBrFZTkv2jA5f3
Claudius	https://www.wikidata.org/wiki/Q1411	22	0051		0051			https://godot.date/id/VNiRiSupJ4exbvoqXjPm65
Claudius	https://www.wikidata.org/wiki/Q1411	23	0051		0051			https://godot.date/id/SSZmEc6HGZdbmrrwE6xM8R
Claudius	https://www.wikidata.org/wiki/Q1411	24	0051		0051			https://godot.date/id/QBbc2MUYZk3BxznQxo8wM2
Claudius	https://www.wikidata.org/wiki/Q1411	25	0051	0052	0052			https://godot.date/id/qqmx5r4baiZigZGkUfSWhQ
Claudius	https://www.wikidata.org/wiki/Q1411	26	0052		0052			https://godot.date/id/LZqYpSfdSbqgmNgZoTKq2T
Claudius	https://www.wikidata.org/wiki/Q1411	27	0052		0054-10-13			https://godot.date/id/5NGsV4VUYNwQ6yfFbGgxo8
Nero	https://www.wikidata.org/wiki/Q1413	1	0054		0056			https://godot.date/id/zibe6MPyEwLWVnzstA8SGD
Nero	https://www.wikidata.org/wiki/Q1413	2	0056		0057			https://godot.date/id/fVPSKzkqPKTsAayfJzN64V
Nero	https://www.wikidata.org/wiki/Q1413	3	0057		0057			https://godot.date/id/7v2grJ6SRV3SSXHVGhuhz7
Nero	https://www.wikidata.org/wiki/Q1413	4	0057	0058	0058			https://godot.date/id/24RT4AbQcXNTkWbaka6hYP
Nero	https://www.wikidata.org/wiki/Q1413	5	0058		0058			https://godot.date/id/x69F3aLsmMMsomHp8fazyc
Nero	https://www.wikidata.org/wiki/Q1413	6	0058		0059			https://godot.date/id/yU8P6aqSdWpogd6mDoAiR5
Nero	https://www.wikidata.org/wiki/Q1413	7	0059		0061			https://godot.date/id/aDSjWFNS2DQPKYKHwhiGGB
Nero	https://www.wikidata.org/wiki/Q1413	8	0061	0062	0061			https://godot.date/id/3tgutdmXmFEsoFDWQRc6yF
Nero	https://www.wikidata.org/wiki/Q1413	9	0061	0062	0064			https://godot.date/id/fTGWkXR3DRwo2XqghB6cFN
Nero	https://www.wikidata.org/wiki/Q1413	10	0064	0065	0066			https://godot.date/id/9eYqQysFobGY6UdkVX3wNm
Nero	https://www.wikidata.org/wiki/Q1413	11	0066		0067			https://godot.date/id/YrWi2w7WCPE6eEKMk2AvzW
Nero	https://www.wikidata.org/wiki/Q1413	12	0067		0067			https://godot.date/id/8HUwjxkVgDAMb3JfxGomKe
Nero	https://www.wikidata.org/wiki/Q1413	13	0067	0068	0068-06-09			https://godot.date/id/PEt6ENpNUsxtWSFSKHF4vY
Vespasian	https://www.wikidata.org/wiki/Q1419	1	0069		0070			https://godot.date/id/EeKzv2dvUQaJXNk3T4VvjW
Vespasian	https://www.wikidata.org/wiki/Q1419	2	0070		0070			https://godot.date/id/oT2DtbNkHM6UzaZvdSBUEX
Vespasian	https://www.wikidata.org/wiki/Q1419	3	0070		0070			https://godot.date/id/DqGyrVVNQkn8osKAKZpb3b
Vespasian	https://www.wikidata.org/wiki/Q1419	4	0070		0070			https://godot.date/id/E3ctetQBS9t4TStconsgPD
Vespasian	https://www.wikidata.org/wiki/Q1419	5	0070		0071-02-09			https://godot.date/id/o4NfygWsf4L8ak2aaCENqC
Vespasian	https://www.wikidata.org/wiki/Q1419	6	0071-02-09	0071-04-05	0071			https://godot.date/id/BMxUQNhpPQ8ULesVxSSj4A
Vespasian	https://www.wikidata.org/wiki/Q1419	7	0071		0071-07-01			https://godot.date/id/GxVyhCxCXbtbE6Ed6Cq6iD
Vespasian	https://www.wikidata.org/wiki/Q1419	8	0071-07-01		0072			https://godot.date/id/SRQvePUUm85EMdD3uT8gxF
Vespasian	https://www.wikidata.org/wiki/Q1419	9	0072		0072			https://godot.date/id/FCZ5nQJXVD24Ab5tLE3Bjj
Vespasian	https://www.wikidata.org/wiki/Q1419	10	0072		0073-03			https://godot.date/id/dJAuGmufcLqdGREwwQgAbZ
Vespasian	https://www.wikidata.org/wiki/Q1419	11	0073-03		0074			https://godot.date/id/zJEW877acRdTEx6Xo6iWWd
Vespasian	https://www.wikidata.org/wiki/Q1419	12	0074		0074			https://godot.date/id/z9PJytT4Ei5FraLPoPrern
Vespasian	https://www.wikidata.org/wiki/Q1419	13	0074		0074			https://godot.date/id/vMa3So6AXWhE2DeqwLZYc7
Vespasian	https://www.wikidata.org/wiki/Q1419	14	0074		0075-04-28			https://godot.date/id/4HqMNg6gZUcRgMoLUzz8ZP
Vespasian	https://www.wikidata.org/wiki/Q1419	15	0075-04-28		0076			https://godot.date/id/Kp3xySEDoLbGwrgNHyDkbU
Vespasian	https://www.wikidata.org/wiki/Q1419	16	0076		0076			https://godot.date/id/5HNPsrHRStYvQPchq8QZF8
Vespasian	https://www.wikidata.org/wiki/Q1419	17	0076					https://godot.date/id/rnTDeqLq2NvaJ97iVxHWF4
Vespasian	https://www.wikidata.org/wiki/Q1419	18		0076-02-07	0078			https://godot.date/id/WRu27n6AwxqFNRhXowxnkK
Vespasian	https://www.wikidata.org/wiki/Q1419	19	0078		0078-07			https://godot.date/id/pyUr7oEdWh5ncrGgnJ3Pc5
Vespasian	https://www.wikidata.org/wiki/Q1419	20	0078-07	0078-12	0079-06-23			https://godot.date/id/9niJpgkmpj2sU8LmBy6C4k
Titus	https://www.wikidata.org/wiki/Q1421	1	0070-08-06		0071	TRUE		https://godot.date/id/5DVGSAreS963FUy4PAjkre
Titus	https://www.wikidata.org/wiki/Q1421	2	0071		0072			https://godot.date/id/TzwXbnwTUeyC9bxgGyAXDU
Titus	https://www.wikidata.org/wiki/Q1421	3	0072		0072			https://godot.date/id/ESxuX4Hg7gG9RQrkktKrCQ
Titus	https://www.wikidata.org/wiki/Q1421	4	0072		0073-03		Schillinger-Häfele: 73 AD, Kienast: 72 AD	https://godot.date/id/kmqdkZ9Mn4QAAyLfMWDEDJ
Titus	https://www.wikidata.org/wiki/Q1421	5	0073-03		0074			https://godot.date/id/GQVpqnS3E6z9cGPowvhJKY
Titus	https://www.wikidata.org/wiki/Q1421	6	0074		0074			https://godot.date/id/8XzAbtQLGR75u9YZAJM949
Titus	https://www.wikidata.org/wiki/Q1421	7	0074		0074			https://godot.date/id/kYKvsdU56iSoYmGk2XJmKn
Titus	https://www.wikidata.org/wiki/Q1421	8	0074		0075-04-28			https://godot.date/id/bfAQkkp9tF3f6xJXtjJygH
Titus	https://www.wikidata.org/wiki/Q1421	9	0075-04-28	0076	0076			https://godot.date/id/EZzE3BmQzMiMP2QQsBp3F9
Titus	https://www.wikidata.org/wiki/Q1421	10	0076		0076			https://godot.date/id/8aPGy42k85jEJLFtEiwN7c
Titus	https://www.wikidata.org/wiki/Q1421	11	0076		0076			https://godot.date/id/APGHZeZEB3Yu6nX7wmWJzj
Titus	https://www.wikidata.org/wiki/Q1421	12	0076	0078-02-07	0077			https://godot.date/id/Pj2vBDAbAyTEJw684Fx2td
Titus	https://www.wikidata.org/wiki/Q1421	13	0077	0078	0078-02-07			https://godot.date/id/WbfciFtqnQZLuezEp9KytN
Titus	https://www.wikidata.org/wiki/Q1421	14	0078-02-07	0078	0079-07			https://godot.date/id/gPeyTLb7JGEBYNtdrvamin
Titus	https://www.wikidata.org/wiki/Q1421	15	0079-07	0079-12	0081			https://godot.date/id/M3z3D9Z27W7X5CpvtbncRb
Titus	https://www.wikidata.org/wiki/Q1421	16	0081		0081			https://godot.date/id/Ccodi5VnLKskqMi27Mo2ij
Titus	https://www.wikidata.org/wiki/Q1421	17	0081		0081-09-13			https://godot.date/id/WBMxUBAtQA3UagVFKGuqvA
Domitian	https://www.wikidata.org/wiki/Q1423	1	0081					https://godot.date/id/yxQgpjAUoeodVAQgmAXprb
Domitian	https://www.wikidata.org/wiki/Q1423	2		0082-03	0083			https://godot.date/id/azfcXxKoNpg2RcVZ2T3GoY
Domitian	https://www.wikidata.org/wiki/Q1423	3	0083		0083			https://godot.date/id/kPNVzJ5r2QeJtfXVeNzVm8
Domitian	https://www.wikidata.org/wiki/Q1423	4	0083		0083			https://godot.date/id/kDegkJt6cd539xWJEreQtj
Domitian	https://www.wikidata.org/wiki/Q1423	5	0083		0084			https://godot.date/id/VznLsgAvmzCWkzCwfBoDyK
Domitian	https://www.wikidata.org/wiki/Q1423	6	0084		0084			https://godot.date/id/iqHhBfuQ4TTsMwcPELAouJ
Domitian	https://www.wikidata.org/wiki/Q1423	7	0084		0084			https://godot.date/id/oSD2snxhNNrBfdSpbEfJ7k
Domitian	https://www.wikidata.org/wiki/Q1423	8	0084	0085				https://godot.date/id/daYKj9pptmK9kruMbuHH98
Domitian	https://www.wikidata.org/wiki/Q1423	9		0085-05-30	0085-09			https://godot.date/id/mNzsUceDfmPfiFNp4amCxD
Domitian	https://www.wikidata.org/wiki/Q1423	10	0085-09	0085-10	0085-10			https://godot.date/id/uMSJue8fQBiJ4gMw9cPgR9
Domitian	https://www.wikidata.org/wiki/Q1423	11	0085-10	0085-11	0086-03			https://godot.date/id/oWBswgVtBQirPUnU7t6gQZ
Domitian	https://www.wikidata.org/wiki/Q1423	12	0086-03	0086-04	0086-09-14			https://godot.date/id/e4J3xUfJG48F5dk6yLTbxF
Domitian	https://www.wikidata.org/wiki/Q1423	13	0086-09-14		0086			https://godot.date/id/EpjNCVWFHreJxC2fL9PtqV
Domitian	https://www.wikidata.org/wiki/Q1423	14	0086	0088	0088			https://godot.date/id/qkmkxEiGvXdskBM99tydbh
Domitian	https://www.wikidata.org/wiki/Q1423	15	0088		0088			https://godot.date/id/QLngor4cXKNiAtdqh8SjCn
Domitian	https://www.wikidata.org/wiki/Q1423	16	0088		0088			https://godot.date/id/eGpJUEgDHQNft8Uc5yWFJK
Domitian	https://www.wikidata.org/wiki/Q1423	17	0088		0088			https://godot.date/id/BvkKb8eamVBAcM6yPD9GuE
Domitian	https://www.wikidata.org/wiki/Q1423	18	0088	0089-06	0088			https://godot.date/id/wQcn6MeSgYQdM6BRmydTeE
Domitian	https://www.wikidata.org/wiki/Q1423	19	0088	0089-06	0088			https://godot.date/id/xFekt5mmu27WmFh7Y9tqgM
Domitian	https://www.wikidata.org/wiki/Q1423	20	0088	0089-06	0089			https://godot.date/id/pskTehdiLxd7tqMyCTRLvV
Domitian	https://www.wikidata.org/wiki/Q1423	21	0089		0092			https://godot.date/id/Ci6tL9UmtCM2bw9Ax6LFdc
Domitian	https://www.wikidata.org/wiki/Q1423	22	0092		0096-09-18			https://godot.date/id/SbMZLR97ZqEWjsDfA4kb55
Nerva	https://www.wikidata.org/wiki/Q1424	1	0096		0097			https://godot.date/id/i2e4LmW73YJwUxHSDcLSsa
Nerva	https://www.wikidata.org/wiki/Q1424	2	0097		0098-01-27			https://godot.date/id/PYZFS4n6Nemrfvxu9M88pD
Trajan	https://www.wikidata.org/wiki/Q1425	1	0098		0101			https://godot.date/id/GrEoDgobjSc2RawZkgx4QP
Trajan	https://www.wikidata.org/wiki/Q1425	2	0101		0102-05-05			https://godot.date/id/oFVJyEX59PqHL68hpt6JjH
Trajan	https://www.wikidata.org/wiki/Q1425	3	0102-05-05					https://godot.date/id/SqNqURoTXNBYG2RRGZDcJf
Trajan	https://www.wikidata.org/wiki/Q1425	4		0102-11-19				https://godot.date/id/BfTVaU8VBqA6Gbx9W4Va9Q
Trajan	https://www.wikidata.org/wiki/Q1425	5		0106-08-31	0106-08			https://godot.date/id/ZcG7X8M9SkmTPCUnJVK7SV
Trajan	https://www.wikidata.org/wiki/Q1425	6	0106-08		0114-09			https://godot.date/id/t697egDVnDUt6Y3k7fwy5e
Trajan	https://www.wikidata.org/wiki/Q1425	7	0114-09		0114-10			https://godot.date/id/JNzhdX2jADW2YhVmuaQxca
Trajan	https://www.wikidata.org/wiki/Q1425	8	0114-10	0114-11	0114-10			https://godot.date/id/9MyARzZrmxF3DnJJ9h7oSP
Trajan	https://www.wikidata.org/wiki/Q1425	9	0114-10	0114-11	0115			https://godot.date/id/L2DAskgorQParrap6vuFph
Trajan	https://www.wikidata.org/wiki/Q1425	10	0115		0115			https://godot.date/id/i9dXTGTumhPEeYk6tJAZPS
Trajan	https://www.wikidata.org/wiki/Q1425	11	0115					https://godot.date/id/6ntYttzaUQopCzyawxLCpE
Trajan	https://www.wikidata.org/wiki/Q1425	12		0116-04-01				https://godot.date/id/PB3P9eBbdVPwMUaBd5P3gf
Trajan	https://www.wikidata.org/wiki/Q1425	13		0116-12-09	0117-08-07			https://godot.date/id/YPY9cA4CFJWKuhksViyuk4
Hadrian	https://www.wikidata.org/wiki/Q1427	1	0117		0138			https://godot.date/id/mjtiDtZt2ziuuKEb6eyAFV
Antoninus Pius	https://www.wikidata.org/wiki/Q1429	1	0138					https://godot.date/id/4e2h9qyJoaxdRn3y7UTPqC
Antoninus Pius	https://www.wikidata.org/wiki/Q1429	2		0142-04-26	0161-03-07			https://godot.date/id/TmSM7KzoVnCCsLxQv7xjEk
Marc Aurel	https://www.wikidata.org/wiki/Q1430	1	0161		0163			https://godot.date/id/C3H9Apfsa5jkEYzn77EueS
Marc Aurel	https://www.wikidata.org/wiki/Q1430	2	0163		0165			https://godot.date/id/qpLsxGJHLfBAYAnXy2US4D
Marc Aurel	https://www.wikidata.org/wiki/Q1430	3	0165		0166			https://godot.date/id/eun7aVb4gxKYh2D7ja2YJR
Marc Aurel	https://www.wikidata.org/wiki/Q1430	4	0166		0167			https://godot.date/id/sXBK5e3bmqBsoYuELnnrRf
Marc Aurel	https://www.wikidata.org/wiki/Q1430	5	0167		0171	TRUE		https://godot.date/id/LHMayduE9tGLP7CmMvx9dm
Marc Aurel	https://www.wikidata.org/wiki/Q1430	6	0171		0174			https://godot.date/id/FxjjnvGbwzS9kFfcMJAai3
Marc Aurel	https://www.wikidata.org/wiki/Q1430	7	0174		0175-07			https://godot.date/id/ERbwAm48poLDb632n4pfK2
Marc Aurel	https://www.wikidata.org/wiki/Q1430	8	0175-07	0175-08	0177			https://godot.date/id/kYJUEYy3HsPnDWzsngjRtM
Marc Aurel	https://www.wikidata.org/wiki/Q1430	9	0177		0179-04-01			https://godot.date/id/tpGKZqpEvW6uHweJsxSHhc
Marc Aurel	https://www.wikidata.org/wiki/Q1430	10	0179-04-01		0180-03-17			https://godot.date/id/emoshtpYHuGCpmgcWxmnAc
L. Verus	https://www.wikidata.org/wiki/Q1433	1	0161		0163			https://godot.date/id/pEL25VnyhrFqAsRSxZTSnf
L. Verus	https://www.wikidata.org/wiki/Q1433	2	0163		0165			https://godot.date/id/S5cDKYewnFRtswnv5yWJm7
L. Verus	https://www.wikidata.org/wiki/Q1433	3	0165		0166			https://godot.date/id/rWCrgZaa55SNVC8YCcchD3
L. Verus	https://www.wikidata.org/wiki/Q1433	4	0166		0167			https://godot.date/id/wNQbPxc3akUXDBzXaUPgsU
L. Verus	https://www.wikidata.org/wiki/Q1433	5	0167		0169-02	TRUE		https://godot.date/id/ZMiE4RJvExZ4npP8Rp6KbF
Commodus	https://www.wikidata.org/wiki/Q1434	1	0176		0177			https://godot.date/id/ZDJScJqk5TgZTinz6Y8kkZ
Commodus	https://www.wikidata.org/wiki/Q1434	2	0177		0179-04-01			https://godot.date/id/sJdDEKvjXP8Pxy7p2Xwum2
Commodus	https://www.wikidata.org/wiki/Q1434	3	0179-04-01		0180			https://godot.date/id/7aAFdJ8eUuA9oW8ZHCHFMX
Commodus	https://www.wikidata.org/wiki/Q1434	4	0180		0182			https://godot.date/id/oeQcaMHoQ5Dx4s5CPyvEtM
Commodus	https://www.wikidata.org/wiki/Q1434	5	0182		0183			https://godot.date/id/gTxmrNuDxebs2eLQX7hAnH
Commodus	https://www.wikidata.org/wiki/Q1434	6	0183		0184-07			https://godot.date/id/Qw9yfUEeUMMPwUtbJ2uDxU
Commodus	https://www.wikidata.org/wiki/Q1434	7	0184-07	0184-12	0186			https://godot.date/id/o7f6efKZDZV6BC49ejft85
Commodus	https://www.wikidata.org/wiki/Q1434	8	0186		0192-12-31			https://godot.date/id/Ti2F4pkycyioNNQuScpwN8
Pertinax	https://www.wikidata.org/wiki/Q1436	1	0193		0193-03-28			https://godot.date/id/yo9dYMafzVvNskH9sVzhiV
Septimius Severus	https://www.wikidata.org/wiki/Q1442	1	0193-04-09		0193-11			https://godot.date/id/v5FKEy3yV82ez9BvPhx757
Septimius Severus	https://www.wikidata.org/wiki/Q1442	2	0193-11	0193-12	0194-01			https://godot.date/id/L9BpaBneD84bfohgKCKzyg
Septimius Severus	https://www.wikidata.org/wiki/Q1442	3	0194-01		0194			https://godot.date/id/seKCEamF33joddHnCDpqZc
Septimius Severus	https://www.wikidata.org/wiki/Q1442	4	0194		0195			https://godot.date/id/RfmcW4dpqfnrkwaR4bqUbi
Septimius Severus	https://www.wikidata.org/wiki/Q1442	5	0195		0195			https://godot.date/id/DGxriQMymxCLnmHeSMtXkW
Septimius Severus	https://www.wikidata.org/wiki/Q1442	6	0195		0195			https://godot.date/id/G8dTg3MMzPc22UuLP9rZPT
Septimius Severus	https://www.wikidata.org/wiki/Q1442	7	0195					https://godot.date/id/qBueRvcfAfW2oHeVLVGt9f
Septimius Severus	https://www.wikidata.org/wiki/Q1442	8		0195-12-10	0197-02-19			https://godot.date/id/ji79pHuoFRho6L5Ah9fUHS
Septimius Severus	https://www.wikidata.org/wiki/Q1442	9	0197-02-19		0197-10			https://godot.date/id/AyDq3saCwrnxQm8ifXsfs8
Septimius Severus	https://www.wikidata.org/wiki/Q1442	10	0197-10		0197			https://godot.date/id/d6Mkff3L4HtHXmkttp2ySe
Septimius Severus	https://www.wikidata.org/wiki/Q1442	11	0197		0205-01	TRUE		https://godot.date/id/rDetCqUwwUJwwW5BJYMaAG
Septimius Severus	https://www.wikidata.org/wiki/Q1442	12	0205-01					https://godot.date/id/gABvq2WsHg7NDrqD4EDqgb
Septimius Severus	https://www.wikidata.org/wiki/Q1442	13		0206-02	0211-02-04			https://godot.date/id/LX9aXMnDe7gR6ivCbMb4e2
Caracalla	https://www.wikidata.org/wiki/Q1446	1	0198-01-28		0207	TRUE		https://godot.date/id/LD7znfuHnQjjxdHi5xUWMa
Caracalla	https://www.wikidata.org/wiki/Q1446	2	0207	0212	0213-09			https://godot.date/id/RrrRABZP6AFB952ZmckWrc
Caracalla	https://www.wikidata.org/wiki/Q1446	3	0213-09		0214			https://godot.date/id/txZejrhYC45LNzgxPKzRL3
Caracalla	https://www.wikidata.org/wiki/Q1446	4	0214		0217-04-08			https://godot.date/id/d2ZoD7rZgzSsLvnRBwpgvd
Geta	https://www.wikidata.org/wiki/Q183089	1	0209		0211-12-19			https://godot.date/id/yJxHL3CNgY4iHRquLTdTWT
Macrinus	https://www.wikidata.org/wiki/Q1752	1	0217		0218-06-08			https://godot.date/id/iEZfVeMioXhdz5x6v3MgvV
Elagabal	https://www.wikidata.org/wiki/Q1762	1	0218		0222-03-11			https://godot.date/id/6gBiZaJsgccpeHzZxnsUMZ
Severus Alexander	https://www.wikidata.org/wiki/Q1769	1	0222		0222-03-14			https://godot.date/id/NMeNSQm7S2WhngM7i4Qazb
Severus Alexander	https://www.wikidata.org/wiki/Q1769	2	0222-03-14	0226-01-01		TRUE	following Kienast; Schillinger-Häfele: 194 AD	https://godot.date/id/YpdLxEdCbg7CrdahF9e7D5
Severus Alexander	https://www.wikidata.org/wiki/Q1769	3				TRUE	following Kienast; Schillinger-Häfele: 194 AD	https://godot.date/id/AJ8hVVj8bqXK3GVYPNDphZ
Severus Alexander	https://www.wikidata.org/wiki/Q1769	4				TRUE	following Kienast; Schillinger-Häfele: 194 AD	https://godot.date/id/5q3553MUWJX9mUL7ATfDLK
Severus Alexander	https://www.wikidata.org/wiki/Q1769	5				TRUE	following Kienast; Schillinger-Häfele: 195 AD	https://godot.date/id/KNrWvoUPXxF3SaUEqB88fj
Severus Alexander	https://www.wikidata.org/wiki/Q1769	6				TRUE	following Kienast; Schillinger-Häfele: 195 AD	https://godot.date/id/ew85UHQEweizPaPmFJHFEW
Severus Alexander	https://www.wikidata.org/wiki/Q1769	7				TRUE	following Kienast; Schillinger-Häfele: 195 AD	https://godot.date/id/4K8S3udnrevvkhvbtbvd58
Severus Alexander	https://www.wikidata.org/wiki/Q1769	8				TRUE	following Kienast; Schillinger-Häfele: 196 AD	https://godot.date/id/Duc4SAgPkkgcWzPqo7bFuP
Severus Alexander	https://www.wikidata.org/wiki/Q1769	9			0230-12-10	TRUE	following Kienast; Schillinger-Häfele: 197 AD	https://godot.date/id/mDTqUzQa6RnAKjG3pAAwuj
Severus Alexander	https://www.wikidata.org/wiki/Q1769	10	0230-12-10		0235-03	TRUE	following Kienast; Schillinger-Häfele: 197 AD	https://godot.date/id/mZr4NgAjvaSCctacMVXNh3
Maximinus Thrax	https://www.wikidata.org/wiki/Q1777	1	0235		0235			https://godot.date/id/8wEDJKKFd5mnpEF83mVgw5
Maximinus Thrax	https://www.wikidata.org/wiki/Q1777	2	0235		0236			https://godot.date/id/D9HPiY9fgmg5BssgHzwtqG
Maximinus Thrax	https://www.wikidata.org/wiki/Q1777	3	0236		0236			https://godot.date/id/bmKFyV9kc4SPNEUoa7RdaP
Maximinus Thrax	https://www.wikidata.org/wiki/Q1777	4	0236		0237			https://godot.date/id/FkXhfdGJnyHke5CxwXzKp2
Maximinus Thrax	https://www.wikidata.org/wiki/Q1777	5	0237		0237			https://godot.date/id/yXNjAYsWoYmZ8dy6ZcgA3G
Maximinus Thrax	https://www.wikidata.org/wiki/Q1777	6	0237	0238	0238			https://godot.date/id/5MbV6p6fY9ehW4ecQrhQDT
Maximinus Thrax	https://www.wikidata.org/wiki/Q1777	7	0238		0238-04			https://godot.date/id/aAQ6w3YLkxJpaur6HQPxAe
Gordian I	https://www.wikidata.org/wiki/Q1782	1	0238		0238-01			https://godot.date/id/9RJTnWzXEqitbLbc9ngdXE
Gordian II	https://www.wikidata.org/wiki/Q1803	1	0238		0238-01			https://godot.date/id/vDdypNRXfdihAHgPwzYKf8
Pupienus	https://www.wikidata.org/wiki/Q1797	1	0238		0238-05			https://godot.date/id/RRZtvfcaKd2HakePCh4ndT
Balbinus	https://www.wikidata.org/wiki/Q1805	1	0238		0238-05			https://godot.date/id/KzzrPj9nzxojRCrfw74cwf
Gordian III	https://www.wikidata.org/wiki/Q1812	1	0238		0239			https://godot.date/id/dKCwniusbSVhdgQzosnTDY
Gordian III	https://www.wikidata.org/wiki/Q1812	2	0239		0240	TRUE		https://godot.date/id/DZTZr5pJwUuq4GPSoRwLSG
Gordian III	https://www.wikidata.org/wiki/Q1812	3	0240		0241			https://godot.date/id/FnkUPHA5e28qqSVSdix2v7
Gordian III	https://www.wikidata.org/wiki/Q1812	4	0241		0242	TRUE		https://godot.date/id/9ACpV6Fc2Ray9thpNejzjH
Gordian III	https://www.wikidata.org/wiki/Q1812	5	0242		0242			https://godot.date/id/gRp7sAyfQrede6kjVeUE5H
Gordian III	https://www.wikidata.org/wiki/Q1812	6	0242		0243			https://godot.date/id/CQQGaHikaPoK5EjACqFREZ
Gordian III	https://www.wikidata.org/wiki/Q1812	7	0243		0244	TRUE		https://godot.date/id/tMLSvQbJUVvTnNne4rpHd7
Philippus Arabs	https://www.wikidata.org/wiki/Q1817	1	0244		0249-10			https://godot.date/id/5nvJAAgF65BToNAhT8XeiE
Decius	https://www.wikidata.org/wiki/Q1830	1	0249		0251-06			https://godot.date/id/3R43B9cPZGxqQfizHTARLU
Trebonianus Gallus	https://www.wikidata.org/wiki/Q171023	1	0251		0253-08			https://godot.date/id/Fpbbxm7nVVwzU2y7CtL254
Volusianus	https://www.wikidata.org/wiki/Q202222	1	0251		0253-08			https://godot.date/id/tcc5YWo6FbTBPxHakxgvrj
Aemilius Aemilianus	https://www.wikidata.org/wiki/Q177980	1	0253		0253-10			https://godot.date/id/g2wwiGVwbYD86nsMiLmmbB
Valerian	https://www.wikidata.org/wiki/Q46750	1	0253		0260-06			https://godot.date/id/35NjPCJkxCANo5pfHzkUTM
Gallienus	https://www.wikidata.org/wiki/Q104475	1	0253					https://godot.date/id/sRjhadgF7fMitWYXm9ARvZ
Gallienus	https://www.wikidata.org/wiki/Q104475	2			0257	TRUE		https://godot.date/id/6zAfFpVeFmdxE8ZumTmVCH
Gallienus	https://www.wikidata.org/wiki/Q104475	3	0257		0260	TRUE		https://godot.date/id/wvFkkFUwN8pSTHFwBfNoRn
Gallienus	https://www.wikidata.org/wiki/Q104475	4	0260		0260	TRUE		https://godot.date/id/PV4WCGSUGKT9HnK53tAdji
Gallienus	https://www.wikidata.org/wiki/Q104475	5	0260		0262	TRUE		https://godot.date/id/BMaFeXs55WxnKitTifZBNc
Gallienus	https://www.wikidata.org/wiki/Q104475	6	0262	0263		TRUE		https://godot.date/id/sVaYGSVkK4B3kw6it6Nc4o
Gallienus	https://www.wikidata.org/wiki/Q104475	7				TRUE		https://godot.date/id/oC7LA9CuaA9DcrYeNJGZLL
Gallienus	https://www.wikidata.org/wiki/Q104475	8				TRUE		https://godot.date/id/k5TdYGczN33wrxEKVunNxR
Gallienus	https://www.wikidata.org/wiki/Q104475	9				TRUE		https://godot.date/id/vSy9CjpnwLfo33Yubsmbxc
Gallienus	https://www.wikidata.org/wiki/Q104475	10				TRUE		https://godot.date/id/3w87E5kThggg5kiENg73QS
Gallienus	https://www.wikidata.org/wiki/Q104475	11			0265	TRUE		https://godot.date/id/2ohyANtqYQm8AfVcYXuTJR
Gallienus	https://www.wikidata.org/wiki/Q104475	12	0265					https://godot.date/id/XRXwEX8tZeSQjB8PtL9EWS
Gallienus	https://www.wikidata.org/wiki/Q104475	13				TRUE		https://godot.date/id/4cnQiVEKKyUYM5PkUchRKQ
Gallienus	https://www.wikidata.org/wiki/Q104475	14			0268	TRUE		https://godot.date/id/JwwZr5FiKBFwY8PvugM2X9
Gallienus	https://www.wikidata.org/wiki/Q104475	15	0268		0268-09			https://godot.date/id/Npa48SwBCVaHPwuCzyCnk6
Claudius II Gothicus	https://www.wikidata.org/wiki/Q46762	1	0268		0270-09			https://godot.date/id/oGy3PpD8v8ymijgkgFtBXM
Aurelian	https://www.wikidata.org/wiki/Q46780	1	0270		0275-10			https://godot.date/id/TFKxjWe2knUJbGkaDjoeAH
Tacitus	https://www.wikidata.org/wiki/Q177988	1	0275		0276			https://godot.date/id/FuzjNbnUb8Yg2MdDvrduw7
Florianus	https://www.wikidata.org/wiki/Q199946	1	0276		0276			https://godot.date/id/ycBovUsMsAEiBYeMLqvNv2
Probus	https://www.wikidata.org/wiki/Q187068	1	0276		0282			https://godot.date/id/UmV2qMU3fp5kZ5z7pzbzkM
Carus	https://www.wikidata.org/wiki/Q187004	1	0282		0283-08			https://godot.date/id/HB4JGycqZ7A7cDsPfpvRnZ
Carinus	https://www.wikidata.org/wiki/Q190097	1	0283		0285-09			https://godot.date/id/hYtfwakdUBCgFhKkZP99Ue
Numerianus	https://www.wikidata.org/wiki/Q46821	1	0283		0284-11			https://godot.date/id/w6gF98btXetQnBPcVyG9TW
Diocletian	https://www.wikidata.org/wiki/Q43107	1	0284-11-20	0285-11-19	0285-11-20			https://godot.date/id/DifNNaYXhJw7Zfnf9qCvGM
Diocletian	https://www.wikidata.org/wiki/Q43107	2	0285-11-20	0286-11-19	0286-11-20			https://godot.date/id/yJmSn7Mc5mGXKrxftMabrK
Diocletian	https://www.wikidata.org/wiki/Q43107	3	0286-11-20	0287-11-19	0287-11-20			https://godot.date/id/PFcCZ4wnwFGgY5VPMpZYhn
Diocletian	https://www.wikidata.org/wiki/Q43107	4	0287-11-20	0288-11-19	0288-11-20			https://godot.date/id/nSdUXz2qvDcjGZetc57aWA
Diocletian	https://www.wikidata.org/wiki/Q43107	5	0288-11-20	0289-11-19	0289-11-20			https://godot.date/id/Pc8yxPd8zRwQRFWhfsJa8J
Diocletian	https://www.wikidata.org/wiki/Q43107	6	0289-11-20	0290-11-19	0290-11-20			https://godot.date/id/5uNawW6CbjNc4TeVPRkL8T
Diocletian	https://www.wikidata.org/wiki/Q43107	7	0290-11-20	0291-11-19	0291-11-20			https://godot.date/id/jJfauNPs6MtiM9SWc8VnmU
Diocletian	https://www.wikidata.org/wiki/Q43107	8	0291-11-20	0292-11-19	0292-11-20			https://godot.date/id/ct7sAqkcnR9s2hDdR7woF5
Diocletian	https://www.wikidata.org/wiki/Q43107	9	0292-11-20	0293-11-19	0293-11-20			https://godot.date/id/DeGuADKnBNe22PTx5zyLXX
Diocletian	https://www.wikidata.org/wiki/Q43107	10	0293-11-20	0294-11-19	0294-11-20			https://godot.date/id/nPwiDFQrxnhQErGbmNbMvU
Diocletian	https://www.wikidata.org/wiki/Q43107	11	0294-11-20	0295-11-19	0295-11-20			https://godot.date/id/GYCcU5LB7vriGdTLa3MT3j
Diocletian	https://www.wikidata.org/wiki/Q43107	12	0295-11-20	0296-11-19	0296-11-20			https://godot.date/id/Q4THdkK7tNMDZRq6tHpsb7
Diocletian	https://www.wikidata.org/wiki/Q43107	13	0296-11-20	0297-11-19	0297-11-20			https://godot.date/id/FrBWdpbgQmHf98AFe2pj6T
Diocletian	https://www.wikidata.org/wiki/Q43107	14	0297-11-20	0298-11-19	0298-11-20			https://godot.date/id/fES7NRSqzqDxxYzuKThTGP
Diocletian	https://www.wikidata.org/wiki/Q43107	15	0298-11-20	0299-11-19	0299-11-20			https://godot.date/id/mnkhDbmti3nq3YCXLSSJBS
Diocletian	https://www.wikidata.org/wiki/Q43107	16	0299-11-20	0300-11-19	0300-11-20			https://godot.date/id/fwvtri8fbXnFHD2eTNnqea
Diocletian	https://www.wikidata.org/wiki/Q43107	17	0300-11-20	0301-11-19	0301-11-20			https://godot.date/id/u9oimrVUAwPhddFGwZAPe7
Diocletian	https://www.wikidata.org/wiki/Q43107	18	0301-11-20	0302-11-19	0302-11-20			https://godot.date/id/UxKUYQsRP7zQeqLGypM7D3
Diocletian	https://www.wikidata.org/wiki/Q43107	19	0302-11-20	0303-11-19	0303-11-20			https://godot.date/id/w3KLbnypaMArewXrzKr9VL
Diocletian	https://www.wikidata.org/wiki/Q43107	20	0303-11-20	0304-11-19	0304-11-20			https://godot.date/id/ciHzuYbki2Xv5cHeAY6NpK
Diocletian	https://www.wikidata.org/wiki/Q43107	21	0304-11-20	0305-05-01	0305-05-01			https://godot.date/id/KDErTS7KSGSwKRjbQ7hMLQ
Maximian	https://www.wikidata.org/wiki/Q46768	1				TRUE		https://godot.date/id/m2jURqtgRKo5PpRxAvT6GT
Maximian	https://www.wikidata.org/wiki/Q46768	2				TRUE		https://godot.date/id/9xmeEs9x7AnYCnWLtFbWu4
Maximian	https://www.wikidata.org/wiki/Q46768	3				TRUE		https://godot.date/id/LRZxRjxnSdjmYqogARLrMT
Maximian	https://www.wikidata.org/wiki/Q46768	4				TRUE		https://godot.date/id/LKTbQJCCNE4bgc4w7F5udJ
Maximian	https://www.wikidata.org/wiki/Q46768	5				TRUE		https://godot.date/id/rA5EipA3dFm2chazuajVcU
Maximian	https://www.wikidata.org/wiki/Q46768	6				TRUE		https://godot.date/id/zthg8nEUP6ki2d2uK6ikbS
Maximian	https://www.wikidata.org/wiki/Q46768	7			0293-03-01	TRUE		https://godot.date/id/jM73gTR7zGBizQNSaYzuLC
Maximian	https://www.wikidata.org/wiki/Q46768	8	0293-03-01	0293-03-31	0293-04-01			https://godot.date/id/3F2KuThJqZ9xPzEpTgGRND
Maximian	https://www.wikidata.org/wiki/Q46768	9	0293-04-01	0294-03-31				https://godot.date/id/5c9RqwVgKkkZQ8YJx3Gwt4
Maximian	https://www.wikidata.org/wiki/Q46768	10				TRUE		https://godot.date/id/Xwwoa6KunQ8CEA3GBXhRWM
Maximian	https://www.wikidata.org/wiki/Q46768	11				TRUE		https://godot.date/id/MKsFys6MVepPk4PsXHrhY5
Maximian	https://www.wikidata.org/wiki/Q46768	12				TRUE		https://godot.date/id/zAftpUiXEwNQr6RbgJnm4X
Maximian	https://www.wikidata.org/wiki/Q46768	13				TRUE		https://godot.date/id/NYt7RfHdC89egfhB3MeHnV
Maximian	https://www.wikidata.org/wiki/Q46768	14				TRUE		https://godot.date/id/4knrJXASLW8q7W9VauJCij
Maximian	https://www.wikidata.org/wiki/Q46768	15				TRUE		https://godot.date/id/knkqQtTZdtgywU33zAqhH4
Maximian	https://www.wikidata.org/wiki/Q46768	16				TRUE		https://godot.date/id/Wwh7Nrp94g49PoUtCTqSuC
Maximian	https://www.wikidata.org/wiki/Q46768	17				TRUE		https://godot.date/id/9qKqhD5moMCVQZuBcy6gw3
Maximian	https://www.wikidata.org/wiki/Q46768	18				TRUE		https://godot.date/id/WZv5tQfUYc2jNWTKcupvuG
Maximian	https://www.wikidata.org/wiki/Q46768	19			0305-04-01	TRUE		https://godot.date/id/KSDMcArTLe2prPTC2nGk2K
Maximian	https://www.wikidata.org/wiki/Q46768	20	0305-04-01	0305-05-01	0310-07			https://godot.date/id/cKuzeA6W9HiAVsppuD4ptL
Constantius I	https://www.wikidata.org/wiki/Q131195	1	0305-05-01	0306-04-30	0306-05-01			https://godot.date/id/g54D7u4yhLNDHSJTmmLdLB
Constantius I	https://www.wikidata.org/wiki/Q131195	2	0306-05-01	0306-07-25	0306-07-25			https://godot.date/id/Qq4MGFEuQDctAQQ4hMjViS
Galerius	https://www.wikidata.org/wiki/Q172168	1	0305-05-01	0306-04-30	0306-05-01			https://godot.date/id/mycGgt3dP73C5ihDd7RCbE
Galerius	https://www.wikidata.org/wiki/Q172168	2	0306-05-01	0306	0306	TRUE		https://godot.date/id/u7HgQwnwbAoM9c6oQqU85i
Galerius	https://www.wikidata.org/wiki/Q172168	14	0306	0307-02-28	0307-03-01			https://godot.date/id/g7fQMiKE6wvafEbmc69ziF
Galerius	https://www.wikidata.org/wiki/Q172168	15	0307-03-01	0308-02-29	0308-03-01			https://godot.date/id/Xq5bmsbCDMZxr2ALPw9CDN
Galerius	https://www.wikidata.org/wiki/Q172168	16	0308-03-01	0309-02-28	0309-03-01			https://godot.date/id/UWvfWcbXGpkChpygA6WrYA
Galerius	https://www.wikidata.org/wiki/Q172168	17	0309-03-01	0310-02-28	0310-03-01			https://godot.date/id/c4oheq5wkucmV8i34ofh7j
Galerius	https://www.wikidata.org/wiki/Q172168	18	0310-03-01	0311-02-28	0311-03-01			https://godot.date/id/rxWeYwuMQWWtvTWSu7hTTe
Galerius	https://www.wikidata.org/wiki/Q172168	19	0311-03-01	0311-05	0311-05			https://godot.date/id/4ReseKvd4byJJpeBGB4sdL
Licinius	https://www.wikidata.org/wiki/Q184549	1	0308-11-11	0309-11-10	0309-11-11			https://godot.date/id/qASu73ZCFw7R6kbUHLTnXK
Licinius	https://www.wikidata.org/wiki/Q184549	2	0309-11-11	0310-11-10	0310-11-11			https://godot.date/id/A3LL85xqmThu9x8YLHn96f
Licinius	https://www.wikidata.org/wiki/Q184549	3	0310-11-11	0311-11-10	0323-11-11			https://godot.date/id/pEV3gwri4qon2EZM3PyEEF
Licinius	https://www.wikidata.org/wiki/Q184549	4	0323-11-11	0324-09-19	0324-09-19			https://godot.date/id/gt7h9QAV4ZpmHJRoLuY9dD
Constantin I	https://www.wikidata.org/wiki/Q8413	1	0306-07-25	0307-07-24	0307-07-25			https://godot.date/id/utcXB5EfCosLmPUNjDRbw5
Constantin I	https://www.wikidata.org/wiki/Q8413	2	0307-07-25	0307	0307			https://godot.date/id/tLTkSWPhWKFzwmuDPrdX4L
Constantin I	https://www.wikidata.org/wiki/Q8413	3	0307	0308-07-24	0308-07-25			https://godot.date/id/99StbtGmEqeASQ847atSvU
Constantin I	https://www.wikidata.org/wiki/Q8413	4	0308-07-25	0309-07-24	0309-07-25			https://godot.date/id/yoVUhGN8ftMJrvJovSckqn
Constantin I	https://www.wikidata.org/wiki/Q8413	5	0309-07-25	0310-07-24	0310-07-25			https://godot.date/id/QPiBwGUUHAURStuRyTAGUB
Constantin I	https://www.wikidata.org/wiki/Q8413	6	0310-07-25	0311-07-24	0311-07-25			https://godot.date/id/7Td38yhEYDDkL2bAv9v6Pm
Constantin I	https://www.wikidata.org/wiki/Q8413	7	0311-07-25	0312-07-24	0312-07-25			https://godot.date/id/KFmsnSrhtYNyShiLkpPmmc
Constantin I	https://www.wikidata.org/wiki/Q8413	8	0312-07-25	0313-07-24	0313-07-25			https://godot.date/id/Z9XdsFFmXGiA6q9R8X8jcn
Constantin I	https://www.wikidata.org/wiki/Q8413	9	0313-07-25	0314-07-24	0314-07-25			https://godot.date/id/NZheB2kigJvfuZgQPDPR5m
Constantin I	https://www.wikidata.org/wiki/Q8413	10	0314-07-25	0315-07-24	0315-07-25			https://godot.date/id/ao38wnag2pS7JeVGfwv7DK
Constantin I	https://www.wikidata.org/wiki/Q8413	11	0315-07-25	0316-07-24	0316-07-25			https://godot.date/id/K5Fd9NKhpnDM84yrFEHL3F
Constantin I	https://www.wikidata.org/wiki/Q8413	12	0316-07-25	0317-07-24	0317-07-25			https://godot.date/id/sknsP4QLFCTrb7r7ADULyL
Constantin I	https://www.wikidata.org/wiki/Q8413	13	0317-07-25	0318-07-24	0318-07-25			https://godot.date/id/NjnuMe5AiT7nAuejisEVBW
Constantin I	https://www.wikidata.org/wiki/Q8413	14	0318-07-25	0319-07-24	0319-07-25			https://godot.date/id/8cSWfBRfm3aMdD3wDYKb2k
Constantin I	https://www.wikidata.org/wiki/Q8413	15	0319-07-25	0320-07-24	0320-07-25			https://godot.date/id/6XZZxoLbSngkskUKRYrwmh
Constantin I	https://www.wikidata.org/wiki/Q8413	16	0320-07-25	0321-07-24	0321-07-25			https://godot.date/id/S9vV62eupm2mbTkSikmWZJ
Constantin I	https://www.wikidata.org/wiki/Q8413	17	0321-07-25	0322-07-24	0322-07-25			https://godot.date/id/cNBiYwPVoetn5HMfixdU76
Constantin I	https://www.wikidata.org/wiki/Q8413	18	0322-07-25	0323-07-24	0323-07-25			https://godot.date/id/BUTffNJXZJiAVd5mQUPusS
Constantin I	https://www.wikidata.org/wiki/Q8413	19	0323-07-25	0324-07-24	0324-07-25			https://godot.date/id/bQMpju9XdWTu5cG3iFimxW
Constantin I	https://www.wikidata.org/wiki/Q8413	20	0324-07-25	0325-07-24	0325-07-25			https://godot.date/id/8rPwhC2UwRikeMEYxeUmtY
Constantin I	https://www.wikidata.org/wiki/Q8413	21	0325-07-25	0326-07-24	0326-07-25			https://godot.date/id/8DvSMsXqMbDeDeWVKjaDNY
Constantin I	https://www.wikidata.org/wiki/Q8413	22	0326-07-25	0327-07-24	0327-07-25			https://godot.date/id/dXyL9bf87LyBvuafSYrhCh
Constantin I	https://www.wikidata.org/wiki/Q8413	23	0327-07-25	0328-07-24	0328-07-25			https://godot.date/id/R5hKuQDn6pVgnrfqBNnuyd
Constantin I	https://www.wikidata.org/wiki/Q8413	24	0328-07-25	0329-07-24	0329-07-25			https://godot.date/id/co3nLbyyzd34KDVTTaBAR9
Constantin I	https://www.wikidata.org/wiki/Q8413	25	0329-07-25	0330-07-24	0330-07-25			https://godot.date/id/25UmhTM7R5vymxKotHcdrY
Constantin I	https://www.wikidata.org/wiki/Q8413	26	0330-07-25	0331-07-24	0331-07-25			https://godot.date/id/M3jt7fRkhkPhXe37vNqwhc
Constantin I	https://www.wikidata.org/wiki/Q8413	27	0331-07-25	0332-07-24	0332-07-25			https://godot.date/id/cJN8XQANkcaPYiGcyAz3iQ
Constantin I	https://www.wikidata.org/wiki/Q8413	28	0332-07-25	0333-07-24	0333-07-25			https://godot.date/id/QpXzmCW9hNfy5xqYKPAazX
Constantin I	https://www.wikidata.org/wiki/Q8413	29	0333-07-25	0334-07-24	0334-07-25			https://godot.date/id/TFva4HkBN2GwbA5yPymref
Constantin I	https://www.wikidata.org/wiki/Q8413	30	0334-07-25	0335-07-24	0335-07-25			https://godot.date/id/pJeWkTvtubuMWbbu8n2u83
Constantin I	https://www.wikidata.org/wiki/Q8413	31	0335-07-25	0336-07-24	0336-07-25			https://godot.date/id/3kTf85MyveFJrwTyyekA2L
Constantin I	https://www.wikidata.org/wiki/Q8413	32	0336-07-25	0337-05-22	0337-05-22			https://godot.date/id/ddGXU85qxRt6VWYYEoUzTo
Constantius II	https://www.wikidata.org/wiki/Q46418	1	0324-11-08	0325-11-07	0325-11-08			https://godot.date/id/jooqcuEqUsBvdN6LgHBD8G
Constantius II	https://www.wikidata.org/wiki/Q46418	2	0325-11-08	0326-11-07	0326-11-08			https://godot.date/id/iTdkDm6SCDtrdyJ7vUt4YE
Constantius II	https://www.wikidata.org/wiki/Q46418	3	0326-11-08	0327-11-07	0336-11-08			https://godot.date/id/tpZ5BQDdZPNo3QgMd7TU9H
Constantius II	https://www.wikidata.org/wiki/Q46418	12	0336-11-08	0337-09-08	0337-11-08			https://godot.date/id/q2h9qGLCqcW4pfXcGFizeE
Constantius II	https://www.wikidata.org/wiki/Q46418	13	0337-11-08	0338-11-07	0338-11-08			https://godot.date/id/T7xzihAvemMseqoVedhFW2
Constantius II	https://www.wikidata.org/wiki/Q46418	14	0338-11-08	0339-11-07	0360-11-08			https://godot.date/id/Jcvz7a3wxBszfQsW8b9No8
Constantius II	https://www.wikidata.org/wiki/Q46418	46	0360-11-08	0361-11-03	0361-11-03			https://godot.date/id/uCz7Q3N4gMcvkq5xzMd8iL
Valentinian I	https://www.wikidata.org/wiki/Q46720	1	0364-02-25	0365-02-24	0365-02-25			https://godot.date/id/Hi5EARyb62793M5NFNRTfn
Valentinian I	https://www.wikidata.org/wiki/Q46720	2	0365-02-25	0366-02-24	0366-02-25			https://godot.date/id/Yym5tLyvnVt73Z8MhKcQ6a
Valentinian I	https://www.wikidata.org/wiki/Q46720	3	0366-02-25	0367-02-24	0367-02-25			https://godot.date/id/zEDqTzShgnKRowSBZEWuxa
Valentinian I	https://www.wikidata.org/wiki/Q46720	4	0367-02-25	0368-02-24	0368-02-25			https://godot.date/id/vwyD3XjUEumoQBvqxkcAqD
Valentinian I	https://www.wikidata.org/wiki/Q46720	5	0368-02-25	0369-02-24	0369-02-25			https://godot.date/id/7iuEtspy3U5T3VkrHzjxf2
Valentinian I	https://www.wikidata.org/wiki/Q46720	6	0369-02-25	0370-02-24	0370-02-25			https://godot.date/id/7zY2nixiRzQw8RfdrwTUWj
Valentinian I	https://www.wikidata.org/wiki/Q46720	7	0370-02-25	0371-02-24	0371-02-25			https://godot.date/id/6cApuTnXAvGy9wxrFiVnrd
Valentinian I	https://www.wikidata.org/wiki/Q46720	8	0371-02-25	0372-02-24	0372-02-25			https://godot.date/id/pVC9tKfqTChgeUc8z6TnHe
Valentinian I	https://www.wikidata.org/wiki/Q46720	9	0372-02-25	0373-02-24	0373-02-25			https://godot.date/id/vngPb9FaqJEUvU7pGtK4LT
Valentinian I	https://www.wikidata.org/wiki/Q46720	10	0373-02-25	0374-02-24	0374-02-25			https://godot.date/id/RjxSRZyZdqsfctKtUVDief
Valentinian I	https://www.wikidata.org/wiki/Q46720	11	0374-02-25	0375-02-24	0375-02-25			https://godot.date/id/VmdBHhz7KKLgcNkhdqRDuJ
Valentinian I	https://www.wikidata.org/wiki/Q46720	12	0375-02-25	0375-11-17	0375-11-17			https://godot.date/id/Jte7Q2LY5FKZkBi9ricGbK
Valens	https://www.wikidata.org/wiki/Q172471	1	0364-03-28	0365-03-27	0365-03-28			https://godot.date/id/sNtRC8ujLCVq3ytxKfSYhL
Valens	https://www.wikidata.org/wiki/Q172471	2	0365-03-28	0366-03-27	0366-03-28			https://godot.date/id/vooL4GDx6nuQuoohpSoas8
Valens	https://www.wikidata.org/wiki/Q172471	3	0366-03-28	0367-03-27	0367-03-28			https://godot.date/id/vENaZNHDP8PTUnbHPBL7qf
Valens	https://www.wikidata.org/wiki/Q172471	4	0367-03-28	0368-03-27	0368-03-28			https://godot.date/id/j2u8nmMiWqAX9zjrV9JBSZ
Valens	https://www.wikidata.org/wiki/Q172471	5	0368-03-28	0369-03-27	0369-03-28			https://godot.date/id/VgDrNWEsWPHerBfHywP6Z2
Valens	https://www.wikidata.org/wiki/Q172471	6	0369-03-28	0370-03-27	0370-03-28			https://godot.date/id/dJYPGokQM5p2Q9dQ6Kx8fc
Valens	https://www.wikidata.org/wiki/Q172471	7	0370-03-28	0371-03-27	0371-03-28			https://godot.date/id/hR7dt6JzfRGQp8bWWdghg7
Valens	https://www.wikidata.org/wiki/Q172471	8	0371-03-28	0372-03-27	0372-03-28			https://godot.date/id/NiKQE2zL2uwhnMed9qzvRg
Valens	https://www.wikidata.org/wiki/Q172471	9	0372-03-28	0373-03-27	0373-03-28			https://godot.date/id/37mb36HZNJCayJYKtJrSZV
Valens	https://www.wikidata.org/wiki/Q172471	10	0373-03-28	0374-03-27	0374-03-28			https://godot.date/id/Sqwc34hradJJgBFoeFtJPg
Valens	https://www.wikidata.org/wiki/Q172471	11	0374-03-28	0375-03-27	0375-03-28			https://godot.date/id/q4Y3xtQUbSawYgQ4RsgSWk
Valens	https://www.wikidata.org/wiki/Q172471	12	0375-03-28	0376-03-27	0376-03-28			https://godot.date/id/2jtngVsnUZm5ZeReFzyFaC
Valens	https://www.wikidata.org/wiki/Q172471	13	0376-03-28	0377-03-27	0377-03-28			https://godot.date/id/BjmUDLjSmQKdCiFujdoXwY
Valens	https://www.wikidata.org/wiki/Q172471	14	0377-03-28	0378-03-27	0378-03-28			https://godot.date/id/i4UFCP6qMCUEShPxmM4Gkn
Valens	https://www.wikidata.org/wiki/Q172471	15	0378-03-28	0378-08-09	0378-08-09			https://godot.date/id/xHvqDLVZHNT4X9PxUhtYxe
Gratian	https://www.wikidata.org/wiki/Q189108	1	0367-08-24	0368-08-23	0368-08-24			https://godot.date/id/ZNTrE2qJGsMfjGwK5fcGFL
Gratian	https://www.wikidata.org/wiki/Q189108	2	0368-08-24	0369-08-23	0369-08-24			https://godot.date/id/s6fAxRfQcVM5vyRbcMcK9X
Gratian	https://www.wikidata.org/wiki/Q189108	3	0369-08-24	0370-08-23	0370-08-24			https://godot.date/id/u5evepe4Zsm6ZudrjLU2SW
Gratian	https://www.wikidata.org/wiki/Q189108	4	0370-08-24	0371-08-23	0371-08-24			https://godot.date/id/7YQy82PEhZah6bCjtHTdHi
Gratian	https://www.wikidata.org/wiki/Q189108	5	0371-08-24	0372-08-23	0372-08-24			https://godot.date/id/NeNdUEsT9KJgS4B5KRLndU
Gratian	https://www.wikidata.org/wiki/Q189108	6	0372-08-24	0373-08-23	0373-08-24			https://godot.date/id/LbsNNbrfHqKQmog2PcZKPG
Gratian	https://www.wikidata.org/wiki/Q189108	7	0373-08-24	0374-08-23	0374-08-24			https://godot.date/id/6zQSRydxxbRtFJYMooB3ta
Gratian	https://www.wikidata.org/wiki/Q189108	8	0374-08-24	0375-08-23	0375-08-24			https://godot.date/id/9GFFQ9HqEdNMmXmSoGXG92
Gratian	https://www.wikidata.org/wiki/Q189108	9	0375-08-24	0376-08-23	0376-08-24			https://godot.date/id/jQdRYvhScPne3vrERF2DEP
Gratian	https://www.wikidata.org/wiki/Q189108	10	0376-08-24	0377-08-23	0377-08-24			https://godot.date/id/uFK2437KDB2PBa8LQ6cqQ5
Gratian	https://www.wikidata.org/wiki/Q189108	11	0377-08-24	0378-08-23	0378-08-24			https://godot.date/id/mVtSE5d4hfm8CvWQ9pciBA
Gratian	https://www.wikidata.org/wiki/Q189108	12	0378-08-24	0379-08-23	0379-08-24			https://godot.date/id/TJ7cy9BQX5w4CvDbW9yd6D
Gratian	https://www.wikidata.org/wiki/Q189108	13	0379-08-24	0380-08-23	0380-08-24			https://godot.date/id/9goeeFxjNjU88bGk4FeM9C
Gratian	https://www.wikidata.org/wiki/Q189108	14	0380-08-24	0381-08-23	0381-08-24			https://godot.date/id/2U3Xf5uprKaufuJG8bnPMn
Gratian	https://www.wikidata.org/wiki/Q189108	15	0381-08-24	0382-08-23	0382-08-24			https://godot.date/id/tvgLUATAqsz2DJUMt2wSrj
Gratian	https://www.wikidata.org/wiki/Q189108	16	0382-08-24	0383-08-23	0383-08-24			https://godot.date/id/QSe4QAumaE2ywYaJ4un7pD
Gratian	https://www.wikidata.org/wiki/Q189108	17	0383-08-24	0383-08-25	0383-08-25			https://godot.date/id/byGxoAY6mZBLayvsAwzpi9