emperor_label	wikidata_uri	consulate	number	title_is_uncertain	not_before	not_after	time_span_end	date_is_uncertain	comment	godot_uri	part_of_consulate		
Augustus	https://www.wikidata.org/wiki/Q1405	cos. suff.	1		-0043-08-19	-0043-11	-0033-01-01			https://godot.date/id/erFK9xBieiqV92x6zjYkUk	https://godot.date/id/92NLUpUUuywKLXWzHoWjSQ	cos.	
Augustus	https://www.wikidata.org/wiki/Q1405	cos.	2		-0033-01-01	-0033-01-01	-0033			https://godot.date/id/oSqsUnPZx8FEK2wU9oMUTE	https://godot.date/id/mzj3zUir8XYPi8rJXwxoqD	cos. design.	TRUE
Augustus	https://www.wikidata.org/wiki/Q1405	cos. design.	3		-0033		-0031-01-01			https://godot.date/id/UKs8Tobc8PZXVZNip2cSzd		cos. suff.	
Augustus	https://www.wikidata.org/wiki/Q1405	cos.	3		-0031-01-01	-0031-12-31	-0030-01-01			https://godot.date/id/fj3jVaxwWRcTySuJft4hZW	https://godot.date/id/3jXmkrk9vQRWexXKKx9Jx8 ; https://godot.date/id/TZbk2RYYBontHuVXXEUsND ; https://godot.date/id/Ge5Jr2oBpT4qPkFUCDSi5Y ; https://godot.date/id/za4fEqmwgvkxzxZVAskPiL	cos. perpetuus	
Augustus	https://www.wikidata.org/wiki/Q1405	cos.	4		-0030-01-01	-0030-12-31	-0029-01-01			https://godot.date/id/9RBemtxpNQUvHT8gNj6yX3	https://godot.date/id/xVU5TyQ6vWiwiudPbWMLek ; https://godot.date/id/CwUanbfW4xruLzpBag2xDE ; https://godot.date/id/uaUzAYiAy2JVeKa33Jn4QW ; https://godot.date/id/kTmPYG4njn56wCoVRi9UnG		
Augustus	https://www.wikidata.org/wiki/Q1405	cos.	5		-0029-01-01	-0029-12-31	-0029			https://godot.date/id/aT7w6i6Vc44qJpjvdKG6oT	https://godot.date/id/Qnuy7xGVtrueNGPuvx7NaV ; https://godot.date/id/PDANEGcfeRyopQPDt92BE6		
Augustus	https://www.wikidata.org/wiki/Q1405	cos. design.	6		-0029		-0028-01-01			https://godot.date/id/DtmxgJrf83rgbY8X9MuA3H			
Augustus	https://www.wikidata.org/wiki/Q1405	cos.	6		-0028-01-01	-0028-12-31	-0027-01-01			https://godot.date/id/jSGwiWWwqwY3JNoGmDVXii	https://godot.date/id/chtkaFi4FhR5hhQGmjKF7f		
Augustus	https://www.wikidata.org/wiki/Q1405	cos.	7		-0027-01-01	-0027-12-31	-0027			https://godot.date/id/66x4bKPGJcBJuJhwq8gnEd	https://godot.date/id/vZrDVUSiNUcDVWmq4Qr92P		
Augustus	https://www.wikidata.org/wiki/Q1405	cos. design.	8		-0027		-0026-01-01			https://godot.date/id/AY5L8uNxuwhKuHqHZD7xyc			
Augustus	https://www.wikidata.org/wiki/Q1405	cos.	8		-0026-01-01	-0026-12-31	-0025-01-01			https://godot.date/id/LdTdyrEErehZ4RXiQoVYGN	https://godot.date/id/TdF4xMqAJgUUWKLMRwjQX3		
Augustus	https://www.wikidata.org/wiki/Q1405	cos.	9		-0025-01-01	-0025-12-31	-0025			https://godot.date/id/YWEdYYyrjvmoPKL3PbLdLM	https://godot.date/id/xAuRHnrswh2co2K8KkPH4S		
Augustus	https://www.wikidata.org/wiki/Q1405	cos. design.	10		-0025		-0024-01-01			https://godot.date/id/XxJ9GVW3y8AkMgTNqrYEsR			
Augustus	https://www.wikidata.org/wiki/Q1405	cos.	10		-0024-01-01	-0024-12-31	-0023-01-01			https://godot.date/id/r36N8QUdxZVWKuVcgxUWJT	https://godot.date/id/wJanQJ7R7qypVaHJzJhdhL		
Augustus	https://www.wikidata.org/wiki/Q1405	cos.	11		-0023-01-01	-0023-06-30	-0006			https://godot.date/id/kSJKS6T2YpWys5wfTxm4cV	https://godot.date/id/yeAfKG3xvcVKgW4joBpcgZ		
Augustus	https://www.wikidata.org/wiki/Q1405	cos. design.	12		-0006		-0005-01-01			https://godot.date/id/ohPjHDqJxoyN77vUDDPPmh			
Augustus	https://www.wikidata.org/wiki/Q1405	cos.	12		-0005-01-01	-0005-07-31	-0003	TRUE	until only April 11th?	https://godot.date/id/Sx9JYeorFSB9Rn69LFiSk9	https://godot.date/id/LVK26U9eqURtUKkfhSqcCY		
Augustus	https://www.wikidata.org/wiki/Q1405	cos. design.	13		-0003		-0002-01-01			https://godot.date/id/WgxBWYjZQDRw5NMju96ttX			
Augustus	https://www.wikidata.org/wiki/Q1405	cos.	13		-0002-01-01	-0002-08-01	0014-08-19	TRUE	at least until 1st August	https://godot.date/id/qeVKWRpFE4sPRoZE4V8m4d	https://godot.date/id/hM5xnWKAQQtF9mnLEkFiDA ; https://godot.date/id/z6xUoJDmVUiJRXRVujWvw3		
Tiberius	https://www.wikidata.org/wiki/Q1407	cos.	1		-0013-01-01	-0013-12-31	-0007-01-01			https://godot.date/id/DXZtjNR5f95gssGCvySHBh	https://godot.date/id/LZXP6ssmNeJTJpgknqVUr6		
Tiberius	https://www.wikidata.org/wiki/Q1407	cos.	2		-0007-01-01	-0007-12-31	0018-01-01			https://godot.date/id/CFnUGkduv6XWESzN4W6kZh	https://godot.date/id/QJ8wLfxJZSmXTvWtUav6hZ		
Tiberius	https://www.wikidata.org/wiki/Q1407	cos.	3		0018-01-01	0018-01-31	0021-01-01			https://godot.date/id/pioen5g2c4TgANbfND6AUj	https://godot.date/id/K3BRW2CdtsDnLojY2tJUZY		
Tiberius	https://www.wikidata.org/wiki/Q1407	cos.	4		0021-01-01	0021-03-31	0031-01-01			https://godot.date/id/8wgTSL8UjuRUSpMPY6SadD	https://godot.date/id/faDKj2AQtRXYVHUBQ2bf25		
Tiberius	https://www.wikidata.org/wiki/Q1407	cos.	5		0031-01-01	0031-05-08	0037-03-16			https://godot.date/id/hXP34vFim4fkoH5Cp9D2Ei	https://godot.date/id/x46jFCi43emBYcUgR7V8WG		
Caligula	https://www.wikidata.org/wiki/Q1409	cos. suff.	1		0037-07-01	0037-08-31	0038-07-01			https://godot.date/id/PBPVZGWngVqyjZPn5gN72c	https://godot.date/id/Rt6kEK2hL7uAPagJWaeFXi		
Caligula	https://www.wikidata.org/wiki/Q1409	cos. design.	2		0038-07-01		0039-01-01			https://godot.date/id/8VKUwBvxTvZUF7nFAc2hoR			
Caligula	https://www.wikidata.org/wiki/Q1409	cos.	2		0039-01-01	0039-01-30	0039-07-01			https://godot.date/id/A9yermVdETB2hX6q8MQiB5	https://godot.date/id/fmCzHz8YkyvAjWeAE7TZXk		
Caligula	https://www.wikidata.org/wiki/Q1409	cos. design.	3		0039-07-01		0040-01-01			https://godot.date/id/23Zo6vsCtrU3kfrqph2KLV			
Caligula	https://www.wikidata.org/wiki/Q1409	cos.	3		0040-01-01	0040-01-13	0041-01-01		sine collega	https://godot.date/id/E2NArNfFZk6XYVJTPZFNcX	https://godot.date/id/tDtGXq77dcC84TUSHtYtk		
Caligula	https://www.wikidata.org/wiki/Q1409	cos.	4		0041-01-01	0041-01-07	0041-01-24			https://godot.date/id/6MdLsR8vqbqbvbsNFY52yb	https://godot.date/id/WC2deeRdvYM4y8NqPWKHbX		
Claudius	https://www.wikidata.org/wiki/Q1411	cos. suff.	1		0037-07-01	0037-08-31	0041			https://godot.date/id/TztxdCsoA9cfbBsDTijPQn	https://godot.date/id/Rt6kEK2hL7uAPagJWaeFXi		
Claudius	https://www.wikidata.org/wiki/Q1411	cos. design.	2		0041		0042-01-01			https://godot.date/id/HuNEEjXtQLc3rxodTHkMDj			
Claudius	https://www.wikidata.org/wiki/Q1411	cos.	2		0042-01-01	0042-02-28	0043-01-01			https://godot.date/id/VUhy7zS99uXtuqhvaWBDPL	https://godot.date/id/BF2aazpPZeMegd3H5mtD2H		
Claudius	https://www.wikidata.org/wiki/Q1411	cos.	3		0043-01-01	0043-02-28	0047-01-01			https://godot.date/id/WuLf7Afbbu7U5mb4yVEqLQ	https://godot.date/id/j6CrsQba4VivEknp7pTUML		
Claudius	https://www.wikidata.org/wiki/Q1411	cos.	4		0047-01-01	0047-02-28	0051-01-01			https://godot.date/id/n9gRqiUvcdx9M6zYcfZiF4	https://godot.date/id/s247PrDp6vFWYwCsz6wS8f		
Claudius	https://www.wikidata.org/wiki/Q1411	cos.	5		0051-01-01	0051-12-31	0054-10-13			https://godot.date/id/WHWgFjZGBvhfyRyv7V6sV8	https://godot.date/id/GdFkToKtR8Xpsnx3c8EFAg ; https://godot.date/id/UEf7mkpmh9PrpbmRe4uU7J ; https://godot.date/id/E2TTeVxD4C6uGFpbzNQWRH		
Nero	https://www.wikidata.org/wiki/Q1413	cos. design.	1		0051-03-04		0055-01-01			https://godot.date/id/HdPfAgN2kDSbu2YxtyYjrm			
Nero	https://www.wikidata.org/wiki/Q1413	cos.	1		0055-01-01	0055-03-01	0057-01-01			https://godot.date/id/FoNhsjubuUGUJrsz5k8MxL	https://godot.date/id/69ULu86fnzsjKVJEiJRo6F		
Nero	https://www.wikidata.org/wiki/Q1413	cos.	2		0057-01-01	0057-12-31	0058-01-01			https://godot.date/id/ZZNzdkTsjEGLUpWcTYFwUX	https://godot.date/id/yxJUMvfxxcXXiNKT42J6KA ; https://godot.date/id/PpL9sKUnTuhdYpSPCPokrV		
Nero	https://www.wikidata.org/wiki/Q1413	cos.	3		0058-01-01	0058-04-30	0060-01-01			https://godot.date/id/Vx9afUmfWwi5dF2kcawGR5	https://godot.date/id/8PZKA6GSny4WjQNeRb8stg		
Nero	https://www.wikidata.org/wiki/Q1413	cos.	4		0060-01-01	0060-06-30	0068-04-15			https://godot.date/id/VqPiEMEVgSa62WHRrA2WgF	https://godot.date/id/UcCo4fbVbhNKdL7A9iBn2N		
Nero	https://www.wikidata.org/wiki/Q1413	cos. suff.	5		0068-04-15	0068-06-09	0068-06-09		sine collega	https://godot.date/id/u8dLRuHVM3SEkPhCVjFNLD	https://godot.date/id/zwPxEQKEoZUFHVXarLUsve		
Galba	https://www.wikidata.org/wiki/Q1414	cos.	1		0033-01-01	0033-06-30				https://godot.date/id/iB3rYCSAPVGHkEreB6bWQE	https://godot.date/id/o9xbdc2RtPPhx2UWtd6FEe		
Galba	https://www.wikidata.org/wiki/Q1414	cos. design.	2			0068-12-22	0069-01-01			https://godot.date/id/N8wxGWpJR3rUqrbNGRhsXn			
Galba	https://www.wikidata.org/wiki/Q1414	cos.	2		0069-01-01	0069-01-15	0069-01-15			https://godot.date/id/5NnTQdo3KGW224MxrvEs8E	https://godot.date/id/dTXPwx7BgwsheaAcpd5XTZ		
Otho	https://www.wikidata.org/wiki/Q1416	cos. suff.	1		0069-01-26	0069-02-28	0069-04-16			https://godot.date/id/cUwoMYbgCAZ4B836h2sSv9	https://godot.date/id/XiJQfkGq7Spy9SNvMPKg4V		
Vitellius	https://www.wikidata.org/wiki/Q1417	cos.	1		0048-01-01	0048-06	0069-07-18			https://godot.date/id/9Pi7waNJEXKmvRvbEpVZ7h	https://godot.date/id/ckgyKKw5HuAqoZdfbMCNUi		
Vitellius	https://www.wikidata.org/wiki/Q1417	cos. perpetuus		TRUE	0069-07-18	0069-12-20	0069-12-20	TRUE		https://godot.date/id/rQoe2KonXTS6jeSmkArq88			
Vespasian	https://www.wikidata.org/wiki/Q1419	cos. suff.	1		0051-11-01	0051-12-31	0069-12-21			https://godot.date/id/ZyL5iizDnJG9gNgqxAJDvR	https://godot.date/id/E2TTeVxD4C6uGFpbzNQWRH		
Vespasian	https://www.wikidata.org/wiki/Q1419	cos. design.	2		0069-12-21		0070-01-01			https://godot.date/id/dpYfKCVa72Va6VZ6R5t6G7			
Vespasian	https://www.wikidata.org/wiki/Q1419	cos.	2		0070-01-01	0070-06	0070-10			https://godot.date/id/NrgbZAGtJPhNutUAobnpGa	https://godot.date/id/cTK3AuzzsRW3iW9L44ZgvX		
Vespasian	https://www.wikidata.org/wiki/Q1419	cos. design.	3		0070-10		0071-01-01			https://godot.date/id/t9fgHGhouGSwXQhAcbF6zi			
Vespasian	https://www.wikidata.org/wiki/Q1419	cos.	3		0071-01-01	0071-02	0071-03			https://godot.date/id/X5LJgNJqiSaqfiovSYKwRa	https://godot.date/id/t6mAC33sNRt9z8APpg5QGA		
Vespasian	https://www.wikidata.org/wiki/Q1419	cos. design.	4		0071-03	 	0072-01-01		since mid March 71 AD	https://godot.date/id/Twpyngd69AKz8xsvK8BRvg			
Vespasian	https://www.wikidata.org/wiki/Q1419	cos.	4		0072-01-01	0072-04	0073-03			https://godot.date/id/odHYhPSxEiMenH45yXEiXJ	https://godot.date/id/iXQxs2PjpRsTrWYz3HicWY		
Vespasian	https://www.wikidata.org/wiki/Q1419	cos. design.	5		0073-03		0074-01-01		since mid March 73 AD	https://godot.date/id/PfX4ygZMexgoQBM7tgScWN			
Vespasian	https://www.wikidata.org/wiki/Q1419	cos.	5		0074-01-01	0074-01-13	0074-03			https://godot.date/id/8F4HCMSs2P5z5kDfSQEPfB	https://godot.date/id/oGmdmogCnQSL5v9SysBkiZ		
Vespasian	https://www.wikidata.org/wiki/Q1419	cos. design.	6		0074-03		0075-01-01		since mid March 74 AD	https://godot.date/id/SP3GgPnRHLgezsSWXpGYu5			
Vespasian	https://www.wikidata.org/wiki/Q1419	cos.	6		0075-01-01	0075-01-13	0075-03	TRUE	maybe until Feb. 75 AD	https://godot.date/id/JnAghSMvMgDzjpt76WmDCZ	https://godot.date/id/jKCvabXy2uDvv6pdtaZB5Z		
Vespasian	https://www.wikidata.org/wiki/Q1419	cos. design.	7		0075-03		0076-01-01		since mid March 75 AD	https://godot.date/id/mgKmoydeJPxyCKrShdcgmm			
Vespasian	https://www.wikidata.org/wiki/Q1419	cos.	7		0076-01-01	0076-01-13	0076-03	TRUE	maybe until Feb. 76 AD	https://godot.date/id/6gE49zazfhZCafVobF4VPB	https://godot.date/id/JBUaCL2RZ4N47RXhViXmqM		
Vespasian	https://www.wikidata.org/wiki/Q1419	cos. design.	8		0076-03		0077-01-01		since mid March 76 AD	https://godot.date/id/WiRQPqN7uqwxbX5BYasaQB			
Vespasian	https://www.wikidata.org/wiki/Q1419	cos.	8		0077-01-01	0077-01-13	0078-03	TRUE	maybe until Feb. 77 AD	https://godot.date/id/SeuWdSSvaw3LjfDReuX6M6	https://godot.date/id/FPQ3ZKfaoAK7kwQU7tdG6W		
Vespasian	https://www.wikidata.org/wiki/Q1419	cos. design.	9		0078-03		0079-01-01	TRUE	since mid March 78 AD	https://godot.date/id/Qu8w9RNgDm9fcthA4beZe7			
Vespasian	https://www.wikidata.org/wiki/Q1419	cos.	9		0079-01-01	0079-01-13	0079-03			https://godot.date/id/s65BCqYSzXQeTxVtq5WKg6	https://godot.date/id/UqcND4ooSwRQHphKQs6r7X		
Vespasian	https://www.wikidata.org/wiki/Q1419	cos. design.	10		0079-03		0079-06-23		since mid March 79 AD	https://godot.date/id/eWtyzquoVWyPTbsjb7zvGa			
Titus	https://www.wikidata.org/wiki/Q1421	cos. design.	1		0069-12-21		0070-01-01			https://godot.date/id/ZKNC5EfqVeiVcoiVvBYgBZ			
Titus	https://www.wikidata.org/wiki/Q1421	cos.	1		0070-01-01	0070-06	0071-03		until end of June 70 AD	https://godot.date/id/2vtmxsKdzEFpoiKZXjK8LR	https://godot.date/id/cTK3AuzzsRW3iW9L44ZgvX		
Titus	https://www.wikidata.org/wiki/Q1421	cos. design.	2		0071-03		0072-01-01	TRUE	since mid March 71 AD	https://godot.date/id/wUCGmaVyECJfLz5rHueuBH			
Titus	https://www.wikidata.org/wiki/Q1421	cos.	2		0072-01-01	0072-04	0073-03			https://godot.date/id/gn69tD63zMCBxtMFxC9wg4	https://godot.date/id/iXQxs2PjpRsTrWYz3HicWY		
Titus	https://www.wikidata.org/wiki/Q1421	cos. design.	3		0073-03		0074-01-01	TRUE	since mid March 73 AD	https://godot.date/id/NeNcfjW3HuQpLuykdAEuYQ			
Titus	https://www.wikidata.org/wiki/Q1421	cos.	3		0074-01-01	0074-04-30	0074-03			https://godot.date/id/ECZ6Wsb8kmfy5hjPrvNHnA	https://godot.date/id/oGmdmogCnQSL5v9SysBkiZ ; https://godot.date/id/F2YGSKAG7thpjGVBYEYhw3 ; https://godot.date/id/6mdfQerYdeiMCXoqGkfvsg		
Titus	https://www.wikidata.org/wiki/Q1421	cos. design.	4		0074-03		0075-01-01	TRUE	since mid March 74 AD	https://godot.date/id/86DVjxe7Loz7i3SXYvkybg			
Titus	https://www.wikidata.org/wiki/Q1421	cos.	4		0075-01-01	0075-02	0075-03	TRUE	until end of February 75 AD	https://godot.date/id/VvK7oqnckTzUwtZppRPEdG	https://godot.date/id/jKCvabXy2uDvv6pdtaZB5Z ; https://godot.date/id/ijAhfbGU7tUGrSv8fzHAVd		
Titus	https://www.wikidata.org/wiki/Q1421	cos. design.	5		0075-03		0076-01-01	TRUE	since mid March 75 AD	https://godot.date/id/gFyXYJYe7uCzjrMgdKFKCg			
Titus	https://www.wikidata.org/wiki/Q1421	cos.	5		0076-01-01	0076-02	0076-03	TRUE	either to the end of February or until end of April 76 AD	https://godot.date/id/BT5nj7siCxsB9ghPzNVTWb	https://godot.date/id/JBUaCL2RZ4N47RXhViXmqM ; https://godot.date/id/UG49t6zaCtDCx2wBXKWBXH		
Titus	https://www.wikidata.org/wiki/Q1421	cos. design.	6		0076-03		0077-01-01	TRUE	since mid March 76 AD	https://godot.date/id/twnhe5kscNqixSJF4JY3SS			
Titus	https://www.wikidata.org/wiki/Q1421	cos.	6		0077-01-01	0077-02	0078-03	TRUE	until end of February 77 AD	https://godot.date/id/zHC9L3AuVdZzHdB6FCBPj3	https://godot.date/id/FPQ3ZKfaoAK7kwQU7tdG6W ; https://godot.date/id/DpqNTUfTtUdkDUT8akX7EW		
Titus	https://www.wikidata.org/wiki/Q1421	cos. design.	7		0078-03		0079-01-01	TRUE	since mid March 78 AD	https://godot.date/id/F5TyXyyWihAwsh7Ajvakk6			
Titus	https://www.wikidata.org/wiki/Q1421	cos.	7		0079-01-01	0079-02	0079-03	TRUE	until end of February 78 AD	https://godot.date/id/ev2kfZertuWvGX94YBi9BU	https://godot.date/id/UqcND4ooSwRQHphKQs6r7X ; https://godot.date/id/gzhnsC87JvvPGZ3pqqsNcS		
Titus	https://www.wikidata.org/wiki/Q1421	cos. design.	8		0079-03		0080-01-01	TRUE	since mid March 79 AD	https://godot.date/id/ZSurdJ2UyvMP7hp8Y7uXDg			
Titus	https://www.wikidata.org/wiki/Q1421	cos.	8		0080-01-01	0080-01-13	0081-03			https://godot.date/id/ocC2rPGUbjxb4uVPvWokZk	https://godot.date/id/HDDPCs4vpafN6P3mBhBqmD		
Titus	https://www.wikidata.org/wiki/Q1421	cos. design.	9		0081-03		0081-09-13	TRUE	since mid March 81 AD	https://godot.date/id/u9yLAhhKHHYPF2T7vsKC5K			
Domitian	https://www.wikidata.org/wiki/Q1423	cos. design.	1		0070-10-01		0071-03			https://godot.date/id/u9eKtaAcxsWqbv4u7ahm7e			
Domitian	https://www.wikidata.org/wiki/Q1423	cos. suff.	1		0071-03	0071-06	0072-03			https://godot.date/id/AdgvtMdJdijdPH9RLNGU9K	https://godot.date/id/Z7CbQMepUfR7J9tdzwTyRX ; https://godot.date/id/JXkemtCNeXbQYpMscATFVm		
Domitian	https://www.wikidata.org/wiki/Q1423	cos. design.	2		0072-03		0073-01-01	TRUE	since mid March 72 AD	https://godot.date/id/esRjYYMNt45fhSKHN2459E			
Domitian	https://www.wikidata.org/wiki/Q1423	cos.	2		0073-01-01	0073-02	0074-03		until end of February 73 AD	https://godot.date/id/mcSLgHwveQs9esk3GrtyTX	https://godot.date/id/JYKQGm56iQyBzhrmN452JX		
Domitian	https://www.wikidata.org/wiki/Q1423	cos. design.	3		0074-03		0075-03-01	TRUE	since mid March 74 AD	https://godot.date/id/ui2mLT8rWoSFpB63cZLvhH			
Domitian	https://www.wikidata.org/wiki/Q1423	cos. suff.	3		0075-03-01	0075-04-30	0075-03	TRUE		https://godot.date/id/JTAQYwhFkhegAPrzfszPrM	https://godot.date/id/ijAhfbGU7tUGrSv8fzHAVd ; https://godot.date/id/7ygCFGyXRqF27QyHQ6rEVc		
Domitian	https://www.wikidata.org/wiki/Q1423	cos. design.	4		0075-03		0076-01-13	TRUE	since mid March 75 AD	https://godot.date/id/STdQ78qywXEKRPUJyWWseH			
Domitian	https://www.wikidata.org/wiki/Q1423	cos. suff.	4		0076-01-13	0076-02	0076-03	TRUE	either to the end of February or until end of April 76 AD	https://godot.date/id/jtac6RGXjbzfVkRhsnKaqW	https://godot.date/id/UG49t6zaCtDCx2wBXKWBXH		
Domitian	https://www.wikidata.org/wiki/Q1423	cos. design.	5		0076-03		0077-01-13	TRUE	since mid March 76 AD	https://godot.date/id/LsqwPPUPD4X6VH3fByoUB7			
Domitian	https://www.wikidata.org/wiki/Q1423	cos. suff.	5		0077-01-13	0077-02	0078-03	TRUE	either to the end of February or until end of April 77 AD	https://godot.date/id/wm9bWhgKNKKV8tUcapTYwM	https://godot.date/id/DpqNTUfTtUdkDUT8akX7EW		
Domitian	https://www.wikidata.org/wiki/Q1423	cos. design.	6		0078-03		0079-01-13	TRUE	since mid March 78 AD	https://godot.date/id/KryxDnGKRgNTkCZp2fsgYN			
Domitian	https://www.wikidata.org/wiki/Q1423	cos. suff.	6		0079-01-13	0079-02	0079-03		until end of February 79 AD	https://godot.date/id/pB4vXGe8Zc3XSbykuxZ7Xm	https://godot.date/id/gzhnsC87JvvPGZ3pqqsNcS		
Domitian	https://www.wikidata.org/wiki/Q1423	cos. design.	7		0079-03		0080-01-01	TRUE	since mid March 79 AD	https://godot.date/id/feJuQvKygups7FEamJ2qf6			
Domitian	https://www.wikidata.org/wiki/Q1423	cos.	7		0080-01-01	0080-01-13	0081-03			https://godot.date/id/QfwrHhGgTZEXAC96jqi9pW	https://godot.date/id/HDDPCs4vpafN6P3mBhBqmD		
Domitian	https://www.wikidata.org/wiki/Q1423	cos. design.	8		0081-03		0082-01-01	TRUE	since mid March 81 AD	https://godot.date/id/96K6cagzA5j4opgwBSeWYm			
Domitian	https://www.wikidata.org/wiki/Q1423	cos.	8		0082-01-01	0082-01-31	0082-03	TRUE		https://godot.date/id/EZEBvufxx4dv5eHAdYK3kK	https://godot.date/id/X9aAurfNcQwjt73JKzWomC		
Domitian	https://www.wikidata.org/wiki/Q1423	cos. design.	9		0082-03		0083-01-01	TRUE	since mid March 82 AD	https://godot.date/id/sUji5WXtwNxQwnkHfbiVh3			
Domitian	https://www.wikidata.org/wiki/Q1423	cos.	9		0083-01-01	0083-01-31	0083-03	TRUE		https://godot.date/id/JRMMyrL8BNVcnq79Dq3yb6	https://godot.date/id/kdovyjqtvaF92hiSTxoxtT		
Domitian	https://www.wikidata.org/wiki/Q1423	cos. design.	10		0083-03		0084-01-01	TRUE	since mid March 83 AD	https://godot.date/id/YPi7krPzpYYK6ERC3Z9PXb			
Domitian	https://www.wikidata.org/wiki/Q1423	cos.	10		0084-01-01	0084-02	0085-01-01	TRUE	until end of February 84 AD	https://godot.date/id/uSbcJUjrQTvDqshz7dx6Qn	https://godot.date/id/YLGP2pU45LWCmpxcHxtFaj		
Domitian	https://www.wikidata.org/wiki/Q1423	cos.	11		0085-01-01	0085-02	0086-01-01	TRUE	until end of February 85 AD	https://godot.date/id/6mm7X7oZBENP92KutCpv6W	https://godot.date/id/jsLzzuYJomheZoBDLTs48b		
Domitian	https://www.wikidata.org/wiki/Q1423	cos.	12		0086-01-01	0086-01-13	0087-01-01			https://godot.date/id/Y9eNwoz35iDSLDBhE7SBy6	https://godot.date/id/g2rCm4XNu99juWETTRR6db		
Domitian	https://www.wikidata.org/wiki/Q1423	cos.	13		0087-01-01	0087-01-13	0088-01-01			https://godot.date/id/eaW2vXRqcEyA9VSKCmY8u3	https://godot.date/id/qkLCFmTvGJFYWhu2ibzTHk		
Domitian	https://www.wikidata.org/wiki/Q1423	cos.	14		0088-01-01	0088-01-13	0090-01-01			https://godot.date/id/p3XpFR23SRica4WZBQgEmP	https://godot.date/id/fcrmyVLzDf6eJma9TscRZQ		
Domitian	https://www.wikidata.org/wiki/Q1423	cos.	15		0090-01-01	0090-01-13	0092-01-01			https://godot.date/id/g6eq3rFjg4SSVx7DPqnNcZ	https://godot.date/id/7YsEPCykd5xUderr6UiNGb		
Domitian	https://www.wikidata.org/wiki/Q1423	cos.	16		0092-01-01	0092-01-13	0095-01-01			https://godot.date/id/9U6aS9WJp6RRatiCXn8JQA	https://godot.date/id/8z8JNuLf453uFTmxkumAKX		
Domitian	https://www.wikidata.org/wiki/Q1423	cos.	17		0095-01-01	0095-01-13	0096-09-18			https://godot.date/id/hW8tyEUVpLBTpZtYhiXhaQ	https://godot.date/id/FgPxWerUFqhpASBADHkNzf		
Nerva	https://www.wikidata.org/wiki/Q1424	cos.	1		0071-01-01	0071-02-28	0090-01-01	TRUE		https://godot.date/id/xaWUPPfigu4dzGLUZURiym	https://godot.date/id/t6mAC33sNRt9z8APpg5QGA		
Nerva	https://www.wikidata.org/wiki/Q1424	cos.	2		0090-01-01	0090-02-28	0096-10-10	TRUE		https://godot.date/id/LgCaYUxNvhyF4WYdcXZpAZ	https://godot.date/id/7YsEPCykd5xUderr6UiNGb ; https://godot.date/id/Y4q5kbgcVR6eGyMCe6qjNe		
Nerva	https://www.wikidata.org/wiki/Q1424	cos. design.	3		0096-10-10		0097-01-01	TRUE		https://godot.date/id/QTs5TYmMZurD8hgqfHDSz7			
Nerva	https://www.wikidata.org/wiki/Q1424	cos.	3		0097-01-01	0097-02-28	0097	TRUE		https://godot.date/id/ar3u3T4g9YZzSsT3CE43ZP	https://godot.date/id/omR9Cm437MxSVp6fFnRRJE		
Nerva	https://www.wikidata.org/wiki/Q1424	cos. design.	4		0097		0098-01-01	TRUE	end of year 97 AD	https://godot.date/id/uyt2rBV5CAPGFkq4Nu2dW3			
Nerva	https://www.wikidata.org/wiki/Q1424	cos.	4		0098-01-01	0098-01-13	0098-01-27			https://godot.date/id/FxMXsndJDoxocXz26AFTbG	https://godot.date/id/vZxVFjqGB4PG5QJEZUTQiW		
Trajan	https://www.wikidata.org/wiki/Q1425	cos.	1		0091-01-01	0091-04-30	0098-01			https://godot.date/id/avAPLqBtjNPyMrzFrYf8sA	https://godot.date/id/W7s3YwtEZNi6RnDde9MHQ6		
Trajan	https://www.wikidata.org/wiki/Q1425	cos.	2		0098-01	0098-06	0099-11			https://godot.date/id/uaxiix6g2goLuvbM4Z9AiS	https://godot.date/id/vZxVFjqGB4PG5QJEZUTQiW ; https://godot.date/id/Uv4qLtfeA4edx4i6iwKApC ; https://godot.date/id/fghCPANFbJsgaDDej6Y7pY ; https://godot.date/id/WfG32Qnj5rjMrnbeKHFmdH ; https://godot.date/id/n8LxVTm9cApZgxiSQQaqhL ; https://godot.date/id/nwF99uCLphN3FuiJyjpjMm		
Trajan	https://www.wikidata.org/wiki/Q1425	cos. design.	3		0099-11		0100-01-01	TRUE	after 6. or 12. November 99 AD	https://godot.date/id/2zAFcic8VURmGnHDMQUs7F			
Trajan	https://www.wikidata.org/wiki/Q1425	cos.	3		0100-01-01	0100-02-28	0100-10	TRUE		https://godot.date/id/kwCCEj9e3L7EjywDRYMenn	https://godot.date/id/V58JgBc6fy4foztfLN2YMJ		
Trajan	https://www.wikidata.org/wiki/Q1425	cos. design.	4		0100-10		0101-01-01			https://godot.date/id/SgCetuZf7NbiDFYTo2kJpk			
Trajan	https://www.wikidata.org/wiki/Q1425	cos.	4		0101-01-01	0101-03	0102-10	TRUE	until end of March 101 AD	https://godot.date/id/Pr9Sbc7Nj8NuN8EXrAnhpJ	https://godot.date/id/hJ4i5bVBypWjzGJuenYUhF		
Trajan	https://www.wikidata.org/wiki/Q1425	cos. design.	5		0102-10		0103-01-01			https://godot.date/id/ps3TX4tkQMi6rabSrCk36b			
Trajan	https://www.wikidata.org/wiki/Q1425	cos.	5		0103-01-01	0103-01-13	0111-10			https://godot.date/id/cTiCg78ZDL3h8ARQqgGDRh	https://godot.date/id/zuowS8JziefdVKGtW87zgm		
Trajan	https://www.wikidata.org/wiki/Q1425	cos. design.	6		0111-10		0112-01-01			https://godot.date/id/huRhzCKT9hPMizKGSxNeYf			
Trajan	https://www.wikidata.org/wiki/Q1425	cos.	6		0112-01-01	0112-01-13	0117-08-07	TRUE		https://godot.date/id/awirK3kfDFFdHDrb5kiiXe	https://godot.date/id/e5jdHY46XWJeEpgYdGvRq8		
Hadrian	https://www.wikidata.org/wiki/Q1427	cos. suff.	1		0108-05	0108-08	0117-08-11			https://godot.date/id/XWY2tZnAVtP6q7L7K8HHfM	https://godot.date/id/ze9VR26nKVYpkjkp47RRmM		
Hadrian	https://www.wikidata.org/wiki/Q1427	cos. design.	2		0117-08-11		0118-01-01	TRUE		https://godot.date/id/Ky2SgPDXVFHoNxXHbmzAaf			
Hadrian	https://www.wikidata.org/wiki/Q1427	cos.	2		0118-01-01	0118-06-30	0118-10	TRUE		https://godot.date/id/jXMGMmNAAUbz5Df7wQYEtf	https://godot.date/id/LnVxGvQ627PpU9czPHYdtB ; https://godot.date/id/DvSbZjKGKNJ3auB7VrJd6U ; https://godot.date/id/SWHrWPNJsniVYFedvFny35		
Hadrian	https://www.wikidata.org/wiki/Q1427	cos. design.	3		0118-10		0119-01-01		end of October 118 AD	https://godot.date/id/E5HJusDevxZJJAbseDDXgL			
Hadrian	https://www.wikidata.org/wiki/Q1427	cos.	3		0119-01-01	0119-04-30	0138-07-10	TRUE		https://godot.date/id/qv3E6VeUBn64ErZgNdNhtb	https://godot.date/id/qn6kJhmpQjRpBqCWwS3AjG ; https://godot.date/id/bRNRFXph6oTsTuzsWADnZV		
Antoninus Pius	https://www.wikidata.org/wiki/Q1429	cos.	1		0120-01-01	0120-04	0138-07		until end of April 120 AD	https://godot.date/id/5YFpgqcksRU2yVKqnVk2Dj	https://godot.date/id/TBoy3vynBxTSeZCZHAeta		
Antoninus Pius	https://www.wikidata.org/wiki/Q1429	cos. design.	2		0138-07		0139-01-01	TRUE		https://godot.date/id/s8ugxq4Lqmgde9miD3WxZ8			
Antoninus Pius	https://www.wikidata.org/wiki/Q1429	cos.	2		0139-01-01	0139-04	0139-08-18	TRUE	until end of April 139 AD	https://godot.date/id/uWssVKjSJ7azJHCFrdvkda	https://godot.date/id/NcQA6XndDLrEYPGLoDjm6L		
Antoninus Pius	https://www.wikidata.org/wiki/Q1429	cos. design.	3		0139-08-18	0139-08-23	0140-01-01			https://godot.date/id/UsbNkmqPPtnXzyrNnLzTc4			
Antoninus Pius	https://www.wikidata.org/wiki/Q1429	cos.	3		0140-01-01		0144			https://godot.date/id/AdmuDCrMRkp7nqaXiRhVFW	https://godot.date/id/yavT53C8ztWajgUStdLLLE		
Antoninus Pius	https://www.wikidata.org/wiki/Q1429	cos. design.	4		0144		0145-01-01	TRUE	autumn 144 AD	https://godot.date/id/eNXydLLh2ghSFi2Pj9oSr5			
Antoninus Pius	https://www.wikidata.org/wiki/Q1429	cos.	4		0145-01-01	0145-02	0161-03-07	TRUE	until end of February 145 AD	https://godot.date/id/3ro3jBBdpBDv3SP5wYyBh7	https://godot.date/id/uYwLjEFh3QNQ4wx9wtnBVP		
Marc Aurel	https://www.wikidata.org/wiki/Q1430	cos. design.	1		0139		0140			https://godot.date/id/chdGbBgyj7hKgTNJnu9Yy6			
Marc Aurel	https://www.wikidata.org/wiki/Q1430	cos.	1		0140		0144			https://godot.date/id/RNEGxyWZYGkUcFBVvEVnQk	https://godot.date/id/yavT53C8ztWajgUStdLLLE		
Marc Aurel	https://www.wikidata.org/wiki/Q1430	cos. design.	2		0144		0145			https://godot.date/id/9ajV4sx2wmRDbS4U3xh37G			
Marc Aurel	https://www.wikidata.org/wiki/Q1430	cos.	2		0145		0161-01-01			https://godot.date/id/b4UmgCnLXfGXDJEtarwgrU	https://godot.date/id/uYwLjEFh3QNQ4wx9wtnBVP		
Marc Aurel	https://www.wikidata.org/wiki/Q1430	cos.	3		0161-01-01	0161-01-31	0180-03-17	TRUE		https://godot.date/id/mZrWUhCYbB2onTyTQGaMRb	https://godot.date/id/n2ZnrkznqPYKxG2VV3qR6c		
L. Verus	https://www.wikidata.org/wiki/Q1433	cos.	1		0154		0161-01-01			https://godot.date/id/gnB9hsy2jmz6xEYEgdj6E6	https://godot.date/id/w42ZSRxBptgCukicD3GZ9J		
L. Verus	https://www.wikidata.org/wiki/Q1433	cos.	2		0161-01-01	0161-01-31	0167-01-01	TRUE		https://godot.date/id/pGnbZvBWgXwyk2H5hDea9k	https://godot.date/id/n2ZnrkznqPYKxG2VV3qR6c		
L. Verus	https://www.wikidata.org/wiki/Q1433	cos.	3		0167-01-01	0167-01-13	0169-02	TRUE		https://godot.date/id/5VFDbC2xXwMHTgSwEFWQVU	https://godot.date/id/Wb3i6NNkRLesxS45hotSrk		
Commodus	https://www.wikidata.org/wiki/Q1434	cos. design.	1		0176-11-27		0177			https://godot.date/id/cRJ9gFnVtEUXJjCxie2T6E			
Commodus	https://www.wikidata.org/wiki/Q1434	cos.	1		0177		0179			https://godot.date/id/QpK5UKyRrtwPBDYPY37pVG	https://godot.date/id/UvqztfWigPCLwPBLLEFL4L		
Commodus	https://www.wikidata.org/wiki/Q1434	cos.	2		0179		0181			https://godot.date/id/WjWpCrpYMsueE6EdMiWhkR	https://godot.date/id/K522LN8V432Azmguvpmau		
Commodus	https://www.wikidata.org/wiki/Q1434	cos.	3		0181		0183			https://godot.date/id/aEZMFhTdPCGCbXkPiGTEnW	https://godot.date/id/LQPmDFJZG9SYqqLiTbCJB6		
Commodus	https://www.wikidata.org/wiki/Q1434	cos.	4		0183		0186			https://godot.date/id/TfEggcMXChjDZXVdARNEUb	https://godot.date/id/7YM4g7o2YefzaDTJenh34U		
Commodus	https://www.wikidata.org/wiki/Q1434	cos.	5		0186		0190			https://godot.date/id/U7U3tsPgovoVUu9ndVcCjK	https://godot.date/id/CeAK2K53qqLh9tZrua5TpT		
Commodus	https://www.wikidata.org/wiki/Q1434	cos.	6		0190		0192			https://godot.date/id/Sjt4vFR7PpgQPFdjXLdgG6	https://godot.date/id/CaDynvy5YreiQMqJDgrabF		
Commodus	https://www.wikidata.org/wiki/Q1434	cos.	7		0192		0192-12-31			https://godot.date/id/hvpAP9XspDFCKAygpTkhpY	https://godot.date/id/zHhm98BLVpL4GN55oqJbmN		
Pertinax	https://www.wikidata.org/wiki/Q1436	cos. suff.	1		0175		0192			https://godot.date/id/q4kzgjxb5f2WgkVAGhvbpD	https://godot.date/id/JcM58GF5kXmmB9cMMdyWvn		
Pertinax	https://www.wikidata.org/wiki/Q1436	cos.	2		0192		0193-03-28			https://godot.date/id/hxFrcqLdrXRjypQ4rmffU7	https://godot.date/id/zHhm98BLVpL4GN55oqJbmN		
Didius Iulianus	https://www.wikidata.org/wiki/Q1436	cos. suff.	1		0175		0193-06-01	TRUE		https://godot.date/id/aqfx9pLAiK5NG2ik8uMmvn	https://godot.date/id/JcM58GF5kXmmB9cMMdyWvn		
Septimius Severus	https://www.wikidata.org/wiki/Q1442	cos. suff.	1		0190-05		0193	TRUE	maybe year 189 AD?	https://godot.date/id/EM6DHSqChuiGgLQpkhJWRc	https://godot.date/id/cbRsYQRdHvvtZnWBTwtKbk		
Septimius Severus	https://www.wikidata.org/wiki/Q1442	cos. design.	2		0193		0194			https://godot.date/id/w2etVg4Ws9krZeGWYJ4R3i			
Septimius Severus	https://www.wikidata.org/wiki/Q1442	cos.	2		0194		0202			https://godot.date/id/igxjWvyvUaeB46PEKXCY2K	https://godot.date/id/UFZPPMGmp9Uj9ASv5EPeKJ		
Septimius Severus	https://www.wikidata.org/wiki/Q1442	cos.	3		0202		0211-02-04			https://godot.date/id/DkJgy7RLCsjoeXzBVgi4of			
Caracalla	https://www.wikidata.org/wiki/Q1446	cos. design.	1		0201		0202			https://godot.date/id/DJ37dm2JeTnUCYEYJfPREK			
Caracalla	https://www.wikidata.org/wiki/Q1446	cos.	1		0202		0204			https://godot.date/id/ngB4xygoGbGXFBmTnkP6N4	https://godot.date/id/2J9wrKTM4E3nKu8VByRpeD		
Caracalla	https://www.wikidata.org/wiki/Q1446	cos. design.	2		0204		0205			https://godot.date/id/spAGJjAECpHJ7vE2jt6ZTi			
Caracalla	https://www.wikidata.org/wiki/Q1446	cos.	2		0205		0207			https://godot.date/id/8JDmTypbnejAJ8LYN8C5Zc	https://godot.date/id/sd5C7JRMXwCPUy3GSVzP29		
Caracalla	https://www.wikidata.org/wiki/Q1446	cos. design.	3		0207		0208			https://godot.date/id/pwj6KdAwyq3yqAFR8gV8pE			
Caracalla	https://www.wikidata.org/wiki/Q1446	cos.	3		0208		0212			https://godot.date/id/HuSHqq8gWPwgueZjZcnkNT	https://godot.date/id/6XhekYhqHU2VA8DAxPCefS		
Caracalla	https://www.wikidata.org/wiki/Q1446	cos. design.	4		0212		0213	TRUE	after August 30th 212 AD	https://godot.date/id/u3nxsUZvu3gxbzrg274qrG			
Caracalla	https://www.wikidata.org/wiki/Q1446	cos.	4		0213		0217-04-08			https://godot.date/id/ndyQybRiGWWqsHHYy9UAaX	https://godot.date/id/wVjtj6kix2ebBroU9xfd5E		
Geta	https://www.wikidata.org/wiki/Q183089	cos.	1		0205		0208			https://godot.date/id/EMDso3T9627wTbrtnYvDnQ	https://godot.date/id/sd5C7JRMXwCPUy3GSVzP29		
Geta	https://www.wikidata.org/wiki/Q183089	cos.	2		0208		0211-12-19			https://godot.date/id/Srw2qr7YN32EszvSHLvhSZ	https://godot.date/id/6XhekYhqHU2VA8DAxPCefS		
Macrinus	https://www.wikidata.org/wiki/Q1752	cos.	1		0217		0217-10			https://godot.date/id/tn33DEdMwegtQTMQNjst24			
Macrinus	https://www.wikidata.org/wiki/Q1752	cos. design.	2		0217-10	0217-12-31	0218	TRUE		https://godot.date/id/B4GyP4q2ZgoxoXtzwY6bKS			
Macrinus	https://www.wikidata.org/wiki/Q1752	cos.	2		0218		0218-06-08			https://godot.date/id/kFgUoKdZrtvphJeJk5z2bR	https://godot.date/id/Ens6tFUBV3FwHP5rD8AThN		
Elagabal	https://www.wikidata.org/wiki/Q1762	cos. suff.	1		0218-06		0219	TRUE	since mid June 218 AD	https://godot.date/id/i4H3VnNy2eznioYXdDAkNM	https://godot.date/id/W3Bg48ScPekTzT9CkQSv6J		
Elagabal	https://www.wikidata.org/wiki/Q1762	cos.	2		0219		0219			https://godot.date/id/MpijHpzE3qex3LpKbbVnGE	https://godot.date/id/Mmw7EDtGGsKpgYK3hTqpRh		
Elagabal	https://www.wikidata.org/wiki/Q1762	cos. design.	3		0219		0220			https://godot.date/id/Q9kM9SvxmYLTmTeG5KQ74d			
Elagabal	https://www.wikidata.org/wiki/Q1762	cos.	3		0220		0221-07-01			https://godot.date/id/XJsA4FHps9bYAfMmfd6DUe	https://godot.date/id/dMGZYw8DCaXojpxgojMCGf		
Elagabal	https://www.wikidata.org/wiki/Q1762	cos. design.	4		0221-07-01		0222	TRUE		https://godot.date/id/Kn4cAdGFXMJviCzQM5SfZ7			
Elagabal	https://www.wikidata.org/wiki/Q1762	cos.	4		0222		0222-03-11			https://godot.date/id/Xdr4UuZ5UyYhPqhBWZYF9R	https://godot.date/id/U62DGhosdePYWhWUm7hdQa		
Severus Alexander	https://www.wikidata.org/wiki/Q1769	cos. design.	1		0221-07-01		0222	TRUE		https://godot.date/id/YnhjfcpArEej6uudAisnUh			
Severus Alexander	https://www.wikidata.org/wiki/Q1769	cos.	1		0222		0225			https://godot.date/id/QDRavWLdCDkxiPBb4CmHmF	https://godot.date/id/U62DGhosdePYWhWUm7hdQa		
Severus Alexander	https://www.wikidata.org/wiki/Q1769	cos. design.	2		0225		0226			https://godot.date/id/T45rALqUTG7mjrzgqQEbVL			
Severus Alexander	https://www.wikidata.org/wiki/Q1769	cos.	2		0226		0226-07-01			https://godot.date/id/MPZPcKE9cPeAagoxHfHgSC	https://godot.date/id/3WwkhSvgzxUsnXbjJnmE6J		
Severus Alexander	https://www.wikidata.org/wiki/Q1769	cos. design.	3		0226-07-01		0229	TRUE		https://godot.date/id/2HjK6xwxxEavBmMrrPeMkE			
Severus Alexander	https://www.wikidata.org/wiki/Q1769	cos.	3		0229		0235-03			https://godot.date/id/zkooopnu8amaLAaFuEy6pD	https://godot.date/id/bX2wARK9SAfAaXXKLVnppX		
Maximinus Thrax	https://www.wikidata.org/wiki/Q1777	cos. design.	1		0235-03		0236	TRUE	since March 235 AD	https://godot.date/id/vWGWmQwNkRKdXJ8JFBFTxH			
Maximinus Thrax	https://www.wikidata.org/wiki/Q1777	cos.	1		0236		0238-04			https://godot.date/id/92urCCnNF8Rn7LpE7Zmd78	https://godot.date/id/4PzFLYa8hAExq9MHThXiVU		
Pupienus	https://www.wikidata.org/wiki/Q1797	cos. suff.	1		0205	0217	0234	TRUE	ca. 205 AD or 217 AD	https://godot.date/id/RuiXYAZNxcHzMUmZJqWdc9			
Pupienus	https://www.wikidata.org/wiki/Q1797	cos.	2		0234		0238-05			https://godot.date/id/DS6XHfCiak9u5zek3KACgT	https://godot.date/id/BHL78z25bRpbubi4t2ZN8b		
Balbinus	https://www.wikidata.org/wiki/Q1805	cos. suff.	1				0213	TRUE		https://godot.date/id/Mi5RhsHopvuWc6dLwYtnu2			
Balbinus	https://www.wikidata.org/wiki/Q1805	cos.	2		0213		0238-05			https://godot.date/id/4gZqBQsqgY8ijdGiTorjAf	https://godot.date/id/wVjtj6kix2ebBroU9xfd5E		
Gordian III	https://www.wikidata.org/wiki/Q1812	cos. design.	1		0238-05		0239	TRUE		https://godot.date/id/bpw9UJfDkr3odYQNAXRmP2			
Gordian III	https://www.wikidata.org/wiki/Q1812	cos.	1		0239		0240-07			https://godot.date/id/pfbqZGPmki6AgpPw7RMobU	https://godot.date/id/MqK5p58QNgyaTmvutxJdy6		
Gordian III	https://www.wikidata.org/wiki/Q1812	cos. design.	2		0240-07		0241			https://godot.date/id/3XnoKU89BTWAdKFd3EsRfG			
Gordian III	https://www.wikidata.org/wiki/Q1812	cos.	2		0241		0244			https://godot.date/id/t35kJf69GmqWyxpVjxoxs6	https://godot.date/id/rdKkXH7Rxr7qhonLTtbpKd		
Philippus Arabs	https://www.wikidata.org/wiki/Q1817	cos.	1		0245		0246			https://godot.date/id/4QgEjfK8pBBNDA6sRBvHw4	https://godot.date/id/hXjco7dJNfLS6kzkD9t9VU		
Philippus Arabs	https://www.wikidata.org/wiki/Q1817	cos. design.	2		0246		0247	TRUE	end of year 246 Ad	https://godot.date/id/9qjASjXZXKobCdcgQL3BkH			
Philippus Arabs	https://www.wikidata.org/wiki/Q1817	cos.	2		0247		0247-07			https://godot.date/id/E5kGJbGZCgBYpBrab9Uqph	https://godot.date/id/cBw3K3nW5JtHm7nS9PdCQh		
Philippus Arabs	https://www.wikidata.org/wiki/Q1817	cos. design.	3		0247-07		0248			https://godot.date/id/F4ox4eh3tB8bBZzDUQdXEL			
Philippus Arabs	https://www.wikidata.org/wiki/Q1817	cos.	3		0248		0249-07			https://godot.date/id/WV4zSTKgkGFNqhyYkPjFsL	https://godot.date/id/xhbnLbUmWXgqqX5t9CfmBa		
Philippus Arabs	https://www.wikidata.org/wiki/Q1817	cos. design.	4	TRUE	0249-07		0249-10	TRUE		https://godot.date/id/wDH6HnjLTRJ9TyrnKEiV96			
Decius	https://www.wikidata.org/wiki/Q1830	cos. suff.	1			0232	0249			https://godot.date/id/MFyZyStfzZZLzWeqmsyquJ			
Decius	https://www.wikidata.org/wiki/Q1830	cos. design.	2		0249		0250			https://godot.date/id/VQXW6L8WdMiPgd84gpxXNn			
Decius	https://www.wikidata.org/wiki/Q1830	cos.	2		0250		0250			https://godot.date/id/ZgCBf8crytRd3FvxGoZCDJ	https://godot.date/id/dFF47PwbPumjf4v8NionGN		
Decius	https://www.wikidata.org/wiki/Q1830	cos. design.	3		0250		0251			https://godot.date/id/zXYketLktzQsxFsj7LWdem			
Decius	https://www.wikidata.org/wiki/Q1830	cos.	3		0251		0251-06			https://godot.date/id/ff9zY3K45kVjygPXExjoz3	https://godot.date/id/Fj4bZS8RPrN4TLC5cioWjf		
Trebonianus Gallus	https://www.wikidata.org/wiki/Q171023	cos. suff.	1		0245		0251	TRUE	ca. 245 AD	https://godot.date/id/pjNtwtQ5AoAEhbJqsWLcjY			
Trebonianus Gallus	https://www.wikidata.org/wiki/Q171023	cos. design.	2		0251		0252	TRUE	since end of year	https://godot.date/id/yurgrCDXB5uWgd3wgDBcxj			
Trebonianus Gallus	https://www.wikidata.org/wiki/Q171023	cos.	2		0252		0253-08			https://godot.date/id/6Bq6VouvovScdDNuUpJizX	https://godot.date/id/9bk75UQ6d8MHgB6cwjrbja		
Aemilius Aemilianus	https://www.wikidata.org/wiki/Q177980	cos.	1			0253	0253-10	TRUE	before 252/3 AD	https://godot.date/id/3RLCX5Mbcc8JP2c7auuf6e			
Valerian	https://www.wikidata.org/wiki/Q46750	cos.	1			0238	0254	TRUE	before 238 AD	https://godot.date/id/SUobozASUFyX2vDSL9nGvA			
Valerian	https://www.wikidata.org/wiki/Q46750	cos.	2		0254		0255			https://godot.date/id/9JTnVQTpDHTd2hBpGUWgt3	https://godot.date/id/6JeKXhFysKxC7wuRdAcSMk		
Valerian	https://www.wikidata.org/wiki/Q46750	cos.	3		0255		0257			https://godot.date/id/zP7KjbXidpUie86xjKHhpY	https://godot.date/id/aH2ynT8RTLdPhAwFeAwYsY		
Valerian	https://www.wikidata.org/wiki/Q46750	cos.	4		0257		0260-06			https://godot.date/id/DuuPYg87UV2bj6vb2ThjmG	https://godot.date/id/tQhAQJTTLLUsULjXSm5Ttj		
Gallienus	https://www.wikidata.org/wiki/Q104475	cos.	1		0254		0255			https://godot.date/id/nQRUJoAQSnmeb3jSLqVsGK	https://godot.date/id/6JeKXhFysKxC7wuRdAcSMk		
Gallienus	https://www.wikidata.org/wiki/Q104475	cos.	2		0255		0257			https://godot.date/id/EMkh3jfyGEt9cWjBfwWEsh	https://godot.date/id/aH2ynT8RTLdPhAwFeAwYsY		
Gallienus	https://www.wikidata.org/wiki/Q104475	cos.	3		0257		0261			https://godot.date/id/5SqsyKVdave29X9hFZNCvD	https://godot.date/id/tQhAQJTTLLUsULjXSm5Ttj		
Gallienus	https://www.wikidata.org/wiki/Q104475	cos.	4		0261		0261-12			https://godot.date/id/EN6fw5JjGrRvmkyXmpouwg	https://godot.date/id/GauGGP3vCqB5m42NfNCLN5		
Gallienus	https://www.wikidata.org/wiki/Q104475	cos. design.	5		0261-12		0262	TRUE		https://godot.date/id/zQrJpwXyNyXAZexrMeLJV7			
Gallienus	https://www.wikidata.org/wiki/Q104475	cos.	5		0262		0264			https://godot.date/id/gQ2r6vHZwhPZYWHkAmTrgS	https://godot.date/id/H2UNpYtW5uij78zPzmJqzB		
Gallienus	https://www.wikidata.org/wiki/Q104475	cos.	6		0264		0265-12			https://godot.date/id/Xe4ircXzi9VijnLAbzgwkm	https://godot.date/id/9VeZBNaPTER6zQaQBvyYXG		
Gallienus	https://www.wikidata.org/wiki/Q104475	cos. design.	7		0265-12		0266	TRUE		https://godot.date/id/MB6CxeYfrFf6TqR6HSxakG			
Gallienus	https://www.wikidata.org/wiki/Q104475	cos.	7		0266		0268-09			https://godot.date/id/u9gPuYDGxC7wnSxpZaqsB5	https://godot.date/id/h3jhVipqTGMwtrJP3x9EA		
Claudius II Gothicus	https://www.wikidata.org/wiki/Q46762	cos.	1		0269		0270-09			https://godot.date/id/uJ8UZqJXEQ9xSgEk7BFSpG	https://godot.date/id/TFtgbFfwCFBpQN5DJBCPB8		
Aurelian	https://www.wikidata.org/wiki/Q46780	cos.	1		0271		0274			https://godot.date/id/pUezTmAc5D28ErTkSMtM9H	https://godot.date/id/VzrfFH3f5DTyC4Gvg6Nuq7		
Aurelian	https://www.wikidata.org/wiki/Q46780	cos.	2		0274		0275			https://godot.date/id/sSnBzceiTPAfQMRi3VimCK	https://godot.date/id/usgoDqcopf7wdYGGtNnvRH		
Aurelian	https://www.wikidata.org/wiki/Q46780	cos.	3		0275		0275-10			https://godot.date/id/DZv5GZ9Yq45E4yRxzqWt24	https://godot.date/id/itGhdFP9mpCvZZZMvktKhh		
Tacitus	https://www.wikidata.org/wiki/Q177988	cos.	1				0276	TRUE		https://godot.date/id/zVKRPTcpNSvZvuAJLskCG6			
Tacitus	https://www.wikidata.org/wiki/Q177988	cos.	2		0276		0276			https://godot.date/id/hJa5hNvKx6esH8MMibyC5B	https://godot.date/id/DToaULvdLGWUEuAo6MvVaC		
Probus	https://www.wikidata.org/wiki/Q187068	cos.	1		0277		0278			https://godot.date/id/qC2wMgFpjzE7MjLNa6Yr4E	https://godot.date/id/oR2joPkbQBWZx4YJvydTma		
Probus	https://www.wikidata.org/wiki/Q187068	cos.	2		0278		0279			https://godot.date/id/iaXsoa87o5DELzGsEG3LuS	https://godot.date/id/cmWsi9Srg5L5aA8vVudLPW		
Probus	https://www.wikidata.org/wiki/Q187068	cos.	3		0279		0281			https://godot.date/id/LjM6a5e9qVri9uAw4ot3M5	https://godot.date/id/FqP893JdWAwqgsDG6ZktNU		
Probus	https://www.wikidata.org/wiki/Q187068	cos.	4		0281		0282			https://godot.date/id/PzCpwLxeyPurvo9Gadh9Ci	https://godot.date/id/Th3H7BQoK6S6bPmqcJMTZY		
Probus	https://www.wikidata.org/wiki/Q187068	cos.	5		0282		0282			https://godot.date/id/QkkcxNwBGEsHPAcbsCCHAk	https://godot.date/id/UPagTAuWSyuWCqNruz8T3B		
Carus	https://www.wikidata.org/wiki/Q187004	cos. suff.	1		0282		0283	TRUE	282 AD or earlier	https://godot.date/id/3eGyWxx5i7RZCrWMaS4jrC			
Carus	https://www.wikidata.org/wiki/Q187004	cos.	2		0283		0283-08			https://godot.date/id/4Ti5dfeTC6N8iq2bGwUKvN	https://godot.date/id/d5tjCxcWgxL6MMRSQ8qPzY		
Carinus	https://www.wikidata.org/wiki/Q190097	cos.	1		0283		0284			https://godot.date/id/WkLbbcjguWQwqLAxSvM4xc	https://godot.date/id/d5tjCxcWgxL6MMRSQ8qPzY		
Carinus	https://www.wikidata.org/wiki/Q190097	cos.	2		0284		0285			https://godot.date/id/zgvVonnrcRvqpRtYjqxqNE	https://godot.date/id/bLyu4943rRx8pMzbSAqmtP		
Carinus	https://www.wikidata.org/wiki/Q190097	cos.	3		0285		0285-09			https://godot.date/id/DanePbDch2LuKjyEZ5p2Sa	https://godot.date/id/UQbULpdyUqdjzxsp4UdTe8		
Numerianus	https://www.wikidata.org/wiki/Q46821	cos.	1		0284		0284-11			https://godot.date/id/BHMkGvRToNmuRzwYN3qxxF	https://godot.date/id/bLyu4943rRx8pMzbSAqmtP		
Diocletian	https://www.wikidata.org/wiki/Q43107	cos. suff.	1		0284		0285-07			https://godot.date/id/Sm3wMCKRwqGGDnzkq45kQ4	https://godot.date/id/djhNnzR9VrC9EUnJXwGhn8		
Diocletian	https://www.wikidata.org/wiki/Q43107	cos.	2		0285-07		0287			https://godot.date/id/FgfRsazQQWk6aANWizYXjn	https://godot.date/id/kmRrFy5igN7an4CRBrEhbf		
Diocletian	https://www.wikidata.org/wiki/Q43107	cos.	3		0287		0290			https://godot.date/id/GqH53qeqK74N2GHJV85xbf	https://godot.date/id/JG4wMn59g6fRfCyGYWHHWF		
Diocletian	https://www.wikidata.org/wiki/Q43107	cos.	4		0290		0293			https://godot.date/id/Bf5srtZo4cnSYj4uhinYDk	https://godot.date/id/bC6C6U2aBAwiLxmrPftoch		
Diocletian	https://www.wikidata.org/wiki/Q43107	cos.	5		0293		0296			https://godot.date/id/iUfYaCtiYhedRuJtkpvJce	https://godot.date/id/SWrHhKjwbbPBPB3RocXzBT		
Diocletian	https://www.wikidata.org/wiki/Q43107	cos.	6		0296		0299			https://godot.date/id/kjGq9pMp8bDytfaDWM4UjV	https://godot.date/id/krECjj5Zug5DU6X64oP55		
Diocletian	https://www.wikidata.org/wiki/Q43107	cos.	7		0299		0303			https://godot.date/id/AKcMBdYVCaAAcnrTaGuc6B	https://godot.date/id/3aFU57VJCiEDBTpVtxqQEF		
Diocletian	https://www.wikidata.org/wiki/Q43107	cos.	8		0303		0304			https://godot.date/id/k4zWHnsUKoEAdndLfPBKNb	https://godot.date/id/XcLAcsrZvuT8WMzTLeWD8o		
Diocletian	https://www.wikidata.org/wiki/Q43107	cos.	9		0304		0308			https://godot.date/id/uvLLNK2JdBZvUhvKjNYhBC	https://godot.date/id/7N6DuwZZ4HnZDK929g9PUh		
Diocletian	https://www.wikidata.org/wiki/Q43107	cos.	10		0308		0305-05-01			https://godot.date/id/cNr6tvap3pLPmfki3ba9XM	https://godot.date/id/AhJMoPK6By4DHnm5xk39Zf		
Maximian	https://www.wikidata.org/wiki/Q46768	cos.	1		0287		0288			https://godot.date/id/YC6WKeGNjWPvasrqAHXjSN	https://godot.date/id/JG4wMn59g6fRfCyGYWHHWF		
Maximian	https://www.wikidata.org/wiki/Q46768	cos.	2		0288		0290			https://godot.date/id/QRyrpXvPzTW84i2a4xStSU	https://godot.date/id/8tiS3w6mMdo9nN3LUVMf3Z		
Maximian	https://www.wikidata.org/wiki/Q46768	cos.	3		0290		0293			https://godot.date/id/xrEUQByJaKwvUFZk4HhSqV	https://godot.date/id/bC6C6U2aBAwiLxmrPftoch		
Maximian	https://www.wikidata.org/wiki/Q46768	cos.	4		0293		0297			https://godot.date/id/hGdBEFdyjX82NfNEUdvDAC	https://godot.date/id/SWrHhKjwbbPBPB3RocXzBT		
Maximian	https://www.wikidata.org/wiki/Q46768	cos.	5		0297		0299			https://godot.date/id/J6PWwhzFmxYRGZnM5iq48a	https://godot.date/id/HwqUQwtGXS8ReNhsorTgpn		
Maximian	https://www.wikidata.org/wiki/Q46768	cos.	6		0299		0303			https://godot.date/id/cKDb4gwxGnPqxsmiydRY7G	https://godot.date/id/3aFU57VJCiEDBTpVtxqQEF		
Maximian	https://www.wikidata.org/wiki/Q46768	cos.	7		0303		0304			https://godot.date/id/QgtBpe6DspLD7E5Sjd7jUK	https://godot.date/id/XcLAcsrZvuT8WMzTLeWD8o		
Maximian	https://www.wikidata.org/wiki/Q46768	cos.	8		0304		0307			https://godot.date/id/BFxq2xQ86Rrgqdht7zD3qS	https://godot.date/id/7N6DuwZZ4HnZDK929g9PUh		
Maximian	https://www.wikidata.org/wiki/Q46768	cos.	9		0307		0310-07		starting summer 207 AD	https://godot.date/id/tp4fZ3HiGfeTcrYFfxVwcB	https://godot.date/id/3jDkwkyqSy9cVPrZCwFSJK		
Constantius I	https://www.wikidata.org/wiki/Q131195	cos.	1		0294		0296			https://godot.date/id/5WmzuQg3skWQyWyW4Zt9vG	https://godot.date/id/McuvVgBBxANSeDcK3K7WAf		
Constantius I	https://www.wikidata.org/wiki/Q131195	cos.	2		0296		0300			https://godot.date/id/gYNTkKidfffnohsBdhMTRn	https://godot.date/id/krECjj5Zug5DU6X64oP55		
Constantius I	https://www.wikidata.org/wiki/Q131195	cos.	3		0300		0302			https://godot.date/id/Mf2prAkZ6TAHmf66CE9yjW	https://godot.date/id/N4V7mSmpdYFcy2AeZutdj3		
Constantius I	https://www.wikidata.org/wiki/Q131195	cos.	4		0302		0305			https://godot.date/id/Tq7aiPpa5FRu47bv9YdufY	https://godot.date/id/hgjKbmgFhjosYWidLVsNn4		
Constantius I	https://www.wikidata.org/wiki/Q131195	cos.	5		0305		0306			https://godot.date/id/xrddCR9GgGLjR2gjdyKDca	https://godot.date/id/cfnAbbk9mJueD4hevrgvxJ		
Constantius I	https://www.wikidata.org/wiki/Q131195	cos.	6		0306		0306-07-25			https://godot.date/id/vmhVEoby97gEzccJzVcYYP	https://godot.date/id/tQCMtSXMBDVwWyem5i8oma		
Galerius	https://www.wikidata.org/wiki/Q172168	cos.	1		0294		0297			https://godot.date/id/GqMtTiBYXHZz8KGWv9ZVYh	https://godot.date/id/McuvVgBBxANSeDcK3K7WAf		
Galerius	https://www.wikidata.org/wiki/Q172168	cos.	2		0297		0300			https://godot.date/id/33aU2k7efmtR7bt5Kp47UD	https://godot.date/id/HwqUQwtGXS8ReNhsorTgpn		
Galerius	https://www.wikidata.org/wiki/Q172168	cos.	3		0300		0302			https://godot.date/id/UcXSDbBXdao5dg5qArQsEW	https://godot.date/id/N4V7mSmpdYFcy2AeZutdj3		
Galerius	https://www.wikidata.org/wiki/Q172168	cos.	4		0302		0305			https://godot.date/id/arqAaNdDratLEjpnX9v2RQ	https://godot.date/id/hgjKbmgFhjosYWidLVsNn4		
Galerius	https://www.wikidata.org/wiki/Q172168	cos.	5		0305		0306			https://godot.date/id/ykao7ZedvuLDVZghJPNyUb	https://godot.date/id/cfnAbbk9mJueD4hevrgvxJ		
Galerius	https://www.wikidata.org/wiki/Q172168	cos.	6		0306		0308			https://godot.date/id/4QXB3pa8wCHp6t6MofHTMe	https://godot.date/id/tQCMtSXMBDVwWyem5i8oma		
Galerius	https://www.wikidata.org/wiki/Q172168	cos.	7		0308		0311			https://godot.date/id/nMLzbk68GSfeWfuXuxLUmi	https://godot.date/id/AhJMoPK6By4DHnm5xk39Zf		
Galerius	https://www.wikidata.org/wiki/Q172168	cos.	8		0311		0311-05			https://godot.date/id/Dp78twBNVF6WrkoPa8hd53	https://godot.date/id/2bfYfJSjGbTtrXfNnLQjFL		
Maximinus Daia	https://www.wikidata.org/wiki/Q189095	cos.	1		0307		0311			https://godot.date/id/Muc4yaPPW3gtpjquM9yTjk	https://godot.date/id/6cs8w6G39KRg2RuQ9pSGN6 ; https://godot.date/id/5ppNvERxijcdK8tYT9NkeB		
Maximinus Daia	https://www.wikidata.org/wiki/Q189095	cos.	2		0311		0313			https://godot.date/id/BCFjCBLBT7cwfTvkDPGZZm	https://godot.date/id/2bfYfJSjGbTtrXfNnLQjFL		
Maximinus Daia	https://www.wikidata.org/wiki/Q189095	cos.	3		0313		0313			https://godot.date/id/iCuDAtQUWNjU9aGd8mi5BH	https://godot.date/id/VmSY4EdShid33sTJQyTmi4		
Maxentius	https://www.wikidata.org/wiki/Q182070	cos. suff.	1		0308-04-20		0309			https://godot.date/id/7moh5XZQr5MCrA4CNdTDZ6	https://godot.date/id/PTvc8HLumNX67N6bms37iK		
Maxentius	https://www.wikidata.org/wiki/Q182070	cos.	2		0309		0310			https://godot.date/id/n3VZysCr2EE42WHfPvat6d	https://godot.date/id/DPSitAk4EYi2NhpmDTdzXT		
Maxentius	https://www.wikidata.org/wiki/Q182070	cos.	3		0310		0312			https://godot.date/id/3KZStwjqAQadnmu3AvYYbc	https://godot.date/id/CouZHmvLUuzCS2cx9fRDbD		
Maxentius	https://www.wikidata.org/wiki/Q182070	cos.	4		0312		0312-10-28			https://godot.date/id/sbfk5N4NHihP8KnsoMqj4C	https://godot.date/id/rsKzCGp4WxvBigEt6jXzAG		
Licinius	https://www.wikidata.org/wiki/Q184549	cos. design.	1		0308-11-11		0309			https://godot.date/id/4ST5xP7LUE6544umtput8X			
Licinius	https://www.wikidata.org/wiki/Q184549	cos.	1		0309		0312			https://godot.date/id/vPzHg9u2itNnY4ssjDKGyX	https://godot.date/id/jjsHCYDgFRAAGEnh2oBxSN		
Licinius	https://www.wikidata.org/wiki/Q184549	cos.	2		0312		0313			https://godot.date/id/kCUUn9uJbYMo6ncqUcFB4D	https://godot.date/id/odbgKmPAC8bLH8Q4sR2dpM		
Licinius	https://www.wikidata.org/wiki/Q184549	cos.	3		0313		0315			https://godot.date/id/EGhqaf27YSxhKGZpwWLwp9	https://godot.date/id/mMd9Uq3E2kiaBctpNZERkF		
Licinius	https://www.wikidata.org/wiki/Q184549	cos.	4		0315		0318			https://godot.date/id/u8xgHDRgpwaN2GESuP4FbZ	https://godot.date/id/2nKXiqJpmB65aWSmHWaVnV		
Licinius	https://www.wikidata.org/wiki/Q184549	cos.	5		0318		0321			https://godot.date/id/3B7mvcNURSzJGEa3qSQphb	https://godot.date/id/GCx54huN77zZ5PDHvuMjzM		
Licinius	https://www.wikidata.org/wiki/Q184549	cos.	6		0321		0324-09-19		only in the East	https://godot.date/id/sqq9sdPmvuFdLeCbmDLRUF	https://godot.date/id/YU2LB6GyiQiXtgs5jAxqiU		
Constantin I	https://www.wikidata.org/wiki/Q8413	cos.	1		0307		0312			https://godot.date/id/KiCSMLEa4Hep4UxjxJjF6Z	https://godot.date/id/3jDkwkyqSy9cVPrZCwFSJK		
Constantin I	https://www.wikidata.org/wiki/Q8413	cos.	2		0312		0313			https://godot.date/id/dGfJZjMj89eEZiS6sFyY46	https://godot.date/id/odbgKmPAC8bLH8Q4sR2dpM		
Constantin I	https://www.wikidata.org/wiki/Q8413	cos.	3		0313		0315			https://godot.date/id/bhjefAWDoAiWYrLJtEGJkn	https://godot.date/id/mMd9Uq3E2kiaBctpNZERkF		
Constantin I	https://www.wikidata.org/wiki/Q8413	cos.	4		0315		0319			https://godot.date/id/J9ZUhJrbWs7PySjEfF44bA	https://godot.date/id/2nKXiqJpmB65aWSmHWaVnV		
Constantin I	https://www.wikidata.org/wiki/Q8413	cos.	5		0319		0320			https://godot.date/id/zYEzm9WG7avPZS3yRSqNDR	https://godot.date/id/a7Uo9wmAkTx3tTYWhNcZkE		
Constantin I	https://www.wikidata.org/wiki/Q8413	cos.	6		0320		0326			https://godot.date/id/R8d8avLxmmugQ6u9Lzv2DZ	https://godot.date/id/ykUYJPK84VALWFy73zh4SN		
Constantin I	https://www.wikidata.org/wiki/Q8413	cos.	7		0326		0329			https://godot.date/id/XqDKB7F69zFvrtwPKyWRdE	https://godot.date/id/43scZg7Wzmpb8C3iQwvxGE		
Constantin I	https://www.wikidata.org/wiki/Q8413	cos.	8		0329		0337-05-22			https://godot.date/id/Kw5F4cEhqUzS2zJLPuwhSK	https://godot.date/id/GN9RKSpwAbheuzWCejwnSi		
Constantin II	https://www.wikidata.org/wiki/Q46734	cos.	1		0320		0321			https://godot.date/id/vYDbYbVPszCQtB8ToYcW4g	https://godot.date/id/ykUYJPK84VALWFy73zh4SN		
Constantin II	https://www.wikidata.org/wiki/Q46734	cos.	2		0321		0324			https://godot.date/id/pDkJKVmenqLUFx7snaKJR5	https://godot.date/id/tgR8GL8XiUfR4dEpByx4bV		
Constantin II	https://www.wikidata.org/wiki/Q46734	cos.	3		0324		0329			https://godot.date/id/8uQHEcjc8mxQW2WGuWEXai	https://godot.date/id/xAocAK7wBaNzntm2TyNbJ7		
Constantin II	https://www.wikidata.org/wiki/Q46734	cos.	4		0329		0340-04			https://godot.date/id/WB4xdnKTjpKFR76yQ8VXuV	https://godot.date/id/GN9RKSpwAbheuzWCejwnSi		
Constans I	https://www.wikidata.org/wiki/Q185538	cos.	1		0339		0342			https://godot.date/id/BDscqW8xFWXEXo6Va9Aqvg	https://godot.date/id/HNbF3SgcWzr5GkWdi4fWPk		
Constans I	https://www.wikidata.org/wiki/Q185538	cos.	2		0342		0346			https://godot.date/id/paQqrqRFLRaF8kwh8xT9g5	https://godot.date/id/z7eZ6RyvRKATA8c4inL76D		
Constans I	https://www.wikidata.org/wiki/Q185538	cos.	3		0346		0350-01-18			https://godot.date/id/6ig5HHytXXeoWmhD5RBjDB	https://godot.date/id/Wx8Ze9nYGwKoBPgwSWp8xm		
Constantius II	https://www.wikidata.org/wiki/Q46418	cos.	1		0326		0339			https://godot.date/id/hedqkiXMUS8gGxr2RdQPV4	https://godot.date/id/43scZg7Wzmpb8C3iQwvxGE		
Constantius II	https://www.wikidata.org/wiki/Q46418	cos.	2		0339		0342			https://godot.date/id/MJvC74inSmfqBeMDt8DKjQ	https://godot.date/id/HNbF3SgcWzr5GkWdi4fWPk		
Constantius II	https://www.wikidata.org/wiki/Q46418	cos.	3		0342		0346			https://godot.date/id/tKYkU6mXPmceSXLJfXnE2Y	https://godot.date/id/z7eZ6RyvRKATA8c4inL76D		
Constantius II	https://www.wikidata.org/wiki/Q46418	cos.	4		0346		0352			https://godot.date/id/hqPytPTXTzNGmaHZMTj6s8	https://godot.date/id/Wx8Ze9nYGwKoBPgwSWp8xm		
Constantius II	https://www.wikidata.org/wiki/Q46418	cos.	5		0352		0353			https://godot.date/id/7rbSbketq2aCkqVKaypfTo	https://godot.date/id/pQZtNNdwUtHUCSKtahaEdb		
Constantius II	https://www.wikidata.org/wiki/Q46418	cos.	6		0353		0354			https://godot.date/id/csyV4xhRbXsZh4topUp2iK	https://godot.date/id/2yqDbTprG7voHFaT3tXaQc		
Constantius II	https://www.wikidata.org/wiki/Q46418	cos.	7		0354		0356			https://godot.date/id/9wg48pKYVyniTGimHyVyj6	https://godot.date/id/SVF3GQpc5FrobhAGHJodyW		
Constantius II	https://www.wikidata.org/wiki/Q46418	cos.	8		0356		0357			https://godot.date/id/WBKo2gfFphNzDLrwbrKwgg	https://godot.date/id/eRjur6DXtPsTU3Uanwz9ue		
Constantius II	https://www.wikidata.org/wiki/Q46418	cos.	9		0357		0360			https://godot.date/id/yigsN2PPZyx8VriCNXs5tZ	https://godot.date/id/rsEj9JKnQ4PJPYBUcSaWWa		
Constantius II	https://www.wikidata.org/wiki/Q46418	cos.	10		0360		0361-11-03			https://godot.date/id/KNHHPx6QXP26nxmJCKgbAn	https://godot.date/id/FpGxxrX33sB2LZvfXFZ6rY		
Julian	https://www.wikidata.org/wiki/Q33941	cos.	1		0356		0357			https://godot.date/id/snz6PD82mGQThqPksxuHfd	https://godot.date/id/eRjur6DXtPsTU3Uanwz9ue		
Julian	https://www.wikidata.org/wiki/Q33941	cos.	2		0357		0360			https://godot.date/id/oCdYkjTGATc39qynMpUV8R	https://godot.date/id/rsEj9JKnQ4PJPYBUcSaWWa		
Julian	https://www.wikidata.org/wiki/Q33941	cos.	3		0360		0363			https://godot.date/id/FUtH9vqmsKZxCC69XaZbRQ	https://godot.date/id/FpGxxrX33sB2LZvfXFZ6rY		
Julian	https://www.wikidata.org/wiki/Q33941	cos.	4		0363		0363-06-27			https://godot.date/id/YBpS2ad7BDwQxnjUBjKG44	https://godot.date/id/qV6mAcEfkuCu8CGGTCwvS6		
Jovian	https://www.wikidata.org/wiki/Q34074	cos.	1		0364-01-01	0364-02-17	0364-02-17			https://godot.date/id/9yLZDJ9vqjv7rFN6wnAUGj	https://godot.date/id/DbnaLCjmtAjf62pBwEgc8P		
Valentinian I	https://www.wikidata.org/wiki/Q46720	cos.	1		0365		0368			https://godot.date/id/GKLQEy5bGMSuXmrhCzqpgQ	https://godot.date/id/aFJQMsPNCFpe8b2qmcYGmh		
Valentinian I	https://www.wikidata.org/wiki/Q46720	cos.	2		0368		0370			https://godot.date/id/B2PfuMRQCF47r66GECT39a	https://godot.date/id/yK4NyGvFz8aVgYM3FnqXNb		
Valentinian I	https://www.wikidata.org/wiki/Q46720	cos.	3		0370		0373			https://godot.date/id/tzj9UtJ2Wxzk3bAbUQcbCZ	https://godot.date/id/HvZFZb8aH67pdegFxgHkxM		
Valentinian I	https://www.wikidata.org/wiki/Q46720	cos.	4		0373		0375-11-17			https://godot.date/id/Txmjqkc2quY5guuVjfp4rg	https://godot.date/id/iLzAkhvaAQUBCTcCQDWQV6		
Valens	https://www.wikidata.org/wiki/Q172471	cos.	1		0365		0368			https://godot.date/id/ddRoVDrXWHh4K5Vir6eMS9	https://godot.date/id/aFJQMsPNCFpe8b2qmcYGmh		
Valens	https://www.wikidata.org/wiki/Q172471	cos.	2		0368		0370			https://godot.date/id/sVYo3Bv6XCmDh7yURjnqAd	https://godot.date/id/yK4NyGvFz8aVgYM3FnqXNb		
Valens	https://www.wikidata.org/wiki/Q172471	cos.	3		0370		0373			https://godot.date/id/C3sbxX8jjCRrthm6aHHdu2	https://godot.date/id/HvZFZb8aH67pdegFxgHkxM		
Valens	https://www.wikidata.org/wiki/Q172471	cos.	4		0373		0376			https://godot.date/id/2E7xVjGd9pYTmJucraDTDc	https://godot.date/id/iLzAkhvaAQUBCTcCQDWQV6		
Valens	https://www.wikidata.org/wiki/Q172471	cos.	5		0376		0378			https://godot.date/id/kKma9Diin5kqihZoZYeQNB	https://godot.date/id/GhxwBqiCkZF7LeZVB9aupN		
Valens	https://www.wikidata.org/wiki/Q172471	cos.	6		0378		0378-08-09			https://godot.date/id/hgHNErFM9k6H8eKZFT742Y	https://godot.date/id/hkiHnTsykSB8RoHVWtLdRX		
Gratian	https://www.wikidata.org/wiki/Q189108	cos.	1		0366		0371			https://godot.date/id/m4H7GeKaTtZoSxtuLFFxKT	https://godot.date/id/ANTmCBJGMEYwFPrJi5aagn		
Gratian	https://www.wikidata.org/wiki/Q189108	cos.	2		0371		0374			https://godot.date/id/bpHVy5d8xsq6BtahsRo8vH	https://godot.date/id/kwYACq7T6rhChefJgFYi53		
Gratian	https://www.wikidata.org/wiki/Q189108	cos.	3		0374		0377			https://godot.date/id/yirDojGAwcR9avwL73JpMA	https://godot.date/id/T97xgn7w8wBghg75oaFn2B		
Gratian	https://www.wikidata.org/wiki/Q189108	cos.	4		0377		0380			https://godot.date/id/W3wY74yvSHZPtobpypqhLP	https://godot.date/id/XGnsU2t9ytjGxiqzeGmskF		
Gratian	https://www.wikidata.org/wiki/Q189108	cos.	5		0380		0383-08-25			https://godot.date/id/fhx33rWZLtCY4nEgPwBYH3	https://godot.date/id/WyxhseyTgcbQxhj2F3wtC3		
Valentinian II	https://www.wikidata.org/wiki/Q46846	cos.	1		0376		0378			https://godot.date/id/kQZiNyCoAzPigHjeJbXrxb	https://godot.date/id/GhxwBqiCkZF7LeZVB9aupN		
Valentinian II	https://www.wikidata.org/wiki/Q46846	cos.	2		0378		0387			https://godot.date/id/jAtruZbJW6f7UtJKwBHc7i	https://godot.date/id/hkiHnTsykSB8RoHVWtLdRX		
Valentinian II	https://www.wikidata.org/wiki/Q46846	cos.	3		0387		0390			https://godot.date/id/AVks9HDX7S3iBFxphQMiCP	https://godot.date/id/H6Xc8swF4x76L5mkiNRTRU		
Valentinian II	https://www.wikidata.org/wiki/Q46846	cos.	4		0390		0392-05-15			https://godot.date/id/kEnKQJ4uGUwAwTHHDXUpeT	https://godot.date/id/UZPVzPu2yns3iVg4bLSscW		
Theodosius I	https://www.wikidata.org/wiki/Q46696	cos.	1		0380		0388			https://godot.date/id/swxVjxxyPyGvcd2N6K6ZdE	https://godot.date/id/WyxhseyTgcbQxhj2F3wtC3		
Theodosius I	https://www.wikidata.org/wiki/Q46696	cos.	2		0388		0393			https://godot.date/id/hWQiYvZdizjzbHrR8kpfvn	https://godot.date/id/XJXcER6nSSUKatnnDbJkaj		
Theodosius I	https://www.wikidata.org/wiki/Q46696	cos.	3		0393		0395-01-17			https://godot.date/id/7YTcnAYX8KTHzjXf5CJeXi	https://godot.date/id/VJECDXsWqsM8bMnnBtHvsD ; https://godot.date/id/kg334YvHbDKHH4eGKBM3KP		