emperor_label	wikidata_uri	trib_pot_no	not_before	not_after	godot_uri
Augustus	https://www.wikidata.org/wiki/Q1405	1	-23	-22	https://godot.date/id/wb9N2Xvzh7yE7o4De8ChgF
Augustus	https://www.wikidata.org/wiki/Q1405	2	-22	-21	https://godot.date/id/QPnoP5Yee3Wio4aRa7ocCh
Augustus	https://www.wikidata.org/wiki/Q1405	3	-21	-20	https://godot.date/id/33xxw2GJqF4ZxkCEnqEQCd
Augustus	https://www.wikidata.org/wiki/Q1405	4	-20	-19	https://godot.date/id/3UHtR9NEtWEa7GUjFZuNTJ
Augustus	https://www.wikidata.org/wiki/Q1405	5	-19	-18	https://godot.date/id/4uoPHfPvfBxoMYWwbKNd55
Augustus	https://www.wikidata.org/wiki/Q1405	6	-18	-17	https://godot.date/id/bkUgtjm5B7tFeRqbmuEo5A
Augustus	https://www.wikidata.org/wiki/Q1405	7	-17	-16	https://godot.date/id/8M9VewiHLMsiyTZKbWFfEn
Augustus	https://www.wikidata.org/wiki/Q1405	8	-16	-15	https://godot.date/id/pkKsA5oCqcKzNo5MKWKUbT
Augustus	https://www.wikidata.org/wiki/Q1405	9	-15	-14	https://godot.date/id/gcPU77Q7qMd5bcu4P7VZfL
Augustus	https://www.wikidata.org/wiki/Q1405	10	-14	-13	https://godot.date/id/n3LNnRXqk6qJjNeUsBfJ2a
Augustus	https://www.wikidata.org/wiki/Q1405	11	-13	-12	https://godot.date/id/BGSGcceBPxeAiXByY9SQgY
Augustus	https://www.wikidata.org/wiki/Q1405	12	-12	-11	https://godot.date/id/kJFLEy2oPXN5tVaXRSjHUo
Augustus	https://www.wikidata.org/wiki/Q1405	13	-11	-10	https://godot.date/id/8ETe5pcaabE76wXiuknKwH
Augustus	https://www.wikidata.org/wiki/Q1405	14	-10	-9	https://godot.date/id/8VL92P5Af6vhBoHpFD7DfT
Augustus	https://www.wikidata.org/wiki/Q1405	15	-9	-8	https://godot.date/id/8GLmsderJ4CvtVU2DF5TP3
Augustus	https://www.wikidata.org/wiki/Q1405	16	-8	-7	https://godot.date/id/hLLJ4h2FbxQ8sVhEXWZhjX
Augustus	https://www.wikidata.org/wiki/Q1405	17	-7	-6	https://godot.date/id/d8AvVuNB8WDM2BunJkiZb9
Augustus	https://www.wikidata.org/wiki/Q1405	18	-6	-5	https://godot.date/id/oYyLE6VUchvr73FgwF7FYZ
Augustus	https://www.wikidata.org/wiki/Q1405	19	-5	-4	https://godot.date/id/d36FKr4VMkTD4ZoPnU2QZb
Augustus	https://www.wikidata.org/wiki/Q1405	20	-4	-3	https://godot.date/id/yJwX7nsCFVrvs4vPmNy4Z5
Augustus	https://www.wikidata.org/wiki/Q1405	21	-3	-2	https://godot.date/id/HnfU5FfT5GT2ySYC4ypyGf
Augustus	https://www.wikidata.org/wiki/Q1405	22	-2	-1	https://godot.date/id/NBTqh6Fukzwbzjvkjbitd7
Augustus	https://www.wikidata.org/wiki/Q1405	23	-1	1	https://godot.date/id/FptRaPZpMMeZpcSkr3RiDm
Augustus	https://www.wikidata.org/wiki/Q1405	24	1	2	https://godot.date/id/fuxXS2R7BWFoNFqjn8j4pQ
Augustus	https://www.wikidata.org/wiki/Q1405	25	2	3	https://godot.date/id/UCBeFrb7nowFvo7cLx4Hyd
Augustus	https://www.wikidata.org/wiki/Q1405	26	3	4	https://godot.date/id/yQdBSoNX8YiBVjPcP4z76S
Augustus	https://www.wikidata.org/wiki/Q1405	27	4	5	https://godot.date/id/Jyo8EC5zqyij9ZW6JyHkxT
Augustus	https://www.wikidata.org/wiki/Q1405	28	5	6	https://godot.date/id/cKkkTqKWXEFisAFzBk4ru
Augustus	https://www.wikidata.org/wiki/Q1405	29	6	7	https://godot.date/id/LjdXk757sPwvondKBhnj7e
Augustus	https://www.wikidata.org/wiki/Q1405	30	7	8	https://godot.date/id/6AfH2SWEeweTqaN7hgZXhW
Augustus	https://www.wikidata.org/wiki/Q1405	31	8	9	https://godot.date/id/6R9pWgZkRnnzr86LaSmb4G
Augustus	https://www.wikidata.org/wiki/Q1405	32	9	10	https://godot.date/id/brp7B7GiJENCzYEEwpJ4Ng
Augustus	https://www.wikidata.org/wiki/Q1405	33	10	11	https://godot.date/id/WnJVNpFTMgRjvySyvpjKmd
Augustus	https://www.wikidata.org/wiki/Q1405	34	11	12	https://godot.date/id/TYd66azChWJPn9W7tyoKuh
Augustus	https://www.wikidata.org/wiki/Q1405	35	12	13	https://godot.date/id/rXQyGjpnCkHQnN3nUBBeXa
Augustus	https://www.wikidata.org/wiki/Q1405	36	13	14	https://godot.date/id/Gmu8RiD5LRku6XiwCUgg77
Augustus	https://www.wikidata.org/wiki/Q1405	37	14	14	https://godot.date/id/Yxf2Xj23ZFsLFhV4S2nhL
Tiberius	https://www.wikidata.org/wiki/Q1407	1	-6	-5	https://godot.date/id/S8KiRRofJKXx9zbfyWMjs7
Tiberius	https://www.wikidata.org/wiki/Q1407	2	-5	-4	https://godot.date/id/6zMcPy6oxQTzCwhWwXssYo
Tiberius	https://www.wikidata.org/wiki/Q1407	3	-4	-3	https://godot.date/id/avwhQoXAtc3HscQSQyqYNV
Tiberius	https://www.wikidata.org/wiki/Q1407	4	-3	-2	https://godot.date/id/bAVnhHmrqLoMyPLR87ZjY
Tiberius	https://www.wikidata.org/wiki/Q1407	5	-2	-1	https://godot.date/id/95496hsUGDqukbJqPCLut6
Tiberius	https://www.wikidata.org/wiki/Q1407	6	4	5	https://godot.date/id/jF6tyMssaPkPZihiUadLgF
Tiberius	https://www.wikidata.org/wiki/Q1407	7	5	6	https://godot.date/id/292QnoXVkSPkgurmQHMDhN
Tiberius	https://www.wikidata.org/wiki/Q1407	8	6	7	https://godot.date/id/6zBGZRbHcJnZcQ327XvrgN
Tiberius	https://www.wikidata.org/wiki/Q1407	9	7	8	https://godot.date/id/6ZNkPY45xjRprdGWgbVxQd
Tiberius	https://www.wikidata.org/wiki/Q1407	10	8	9	https://godot.date/id/JXjMCFrWvangaNMjXdJLzS
Tiberius	https://www.wikidata.org/wiki/Q1407	11	9	10	https://godot.date/id/GsvhDCmwgKdVnGQBucUTQS
Tiberius	https://www.wikidata.org/wiki/Q1407	12	10	11	https://godot.date/id/2i4GSNxCpV34T458emxouj
Tiberius	https://www.wikidata.org/wiki/Q1407	13	11	12	https://godot.date/id/LvQRCy4cQdPChB8JMvYMdS
Tiberius	https://www.wikidata.org/wiki/Q1407	14	12	13	https://godot.date/id/XKc4g7eDE6vWpnCfjgcoAV
Tiberius	https://www.wikidata.org/wiki/Q1407	15	13	14	https://godot.date/id/Nosq5LNpwgsWW4fnYUTrVN
Tiberius	https://www.wikidata.org/wiki/Q1407	16	14	15	https://godot.date/id/NPsHEjAL7uzWnhXw5nTs86
Tiberius	https://www.wikidata.org/wiki/Q1407	17	15	16	https://godot.date/id/cfqmv83BDDHQuCNLnSzoY6
Tiberius	https://www.wikidata.org/wiki/Q1407	18	16	17	https://godot.date/id/JXny4ba4RFeL43sNeD2Cuc
Tiberius	https://www.wikidata.org/wiki/Q1407	19	17	18	https://godot.date/id/inH7ektywq2mMLMKMQbmER
Tiberius	https://www.wikidata.org/wiki/Q1407	20	18	19	https://godot.date/id/HDNb6k3vBMFZgdXCEvns5h
Tiberius	https://www.wikidata.org/wiki/Q1407	21	19	20	https://godot.date/id/xnCv9mnpQ6nh3hUaa5PmHm
Tiberius	https://www.wikidata.org/wiki/Q1407	22	20	21	https://godot.date/id/gwTxw2osEatB5R8o6nH9HM
Tiberius	https://www.wikidata.org/wiki/Q1407	23	21	22	https://godot.date/id/odHNHeKY8ruFdrvFQDGAQP
Tiberius	https://www.wikidata.org/wiki/Q1407	24	22	23	https://godot.date/id/Lg4SZVBWWeXeDaWRswGud4
Tiberius	https://www.wikidata.org/wiki/Q1407	25	23	24	https://godot.date/id/cdJSVsAyBRUJ7pFMGyTEN7
Tiberius	https://www.wikidata.org/wiki/Q1407	26	24	25	https://godot.date/id/oUGgEPqxzK4KSaAiCPXHCB
Tiberius	https://www.wikidata.org/wiki/Q1407	27	25	26	https://godot.date/id/6ZbX3PYt5XfvKqUjrU7xhW
Tiberius	https://www.wikidata.org/wiki/Q1407	28	26	27	https://godot.date/id/QBFLeJCePYBZaBdqRwKb5P
Tiberius	https://www.wikidata.org/wiki/Q1407	29	27	28	https://godot.date/id/r9WVqsCqLzEm62sp77cSfj
Tiberius	https://www.wikidata.org/wiki/Q1407	30	28	29	https://godot.date/id/8z98UUoNskogQbQvKKvf68
Tiberius	https://www.wikidata.org/wiki/Q1407	31	29	30	https://godot.date/id/dmxeb7ptvswXbJxb4o67p7
Tiberius	https://www.wikidata.org/wiki/Q1407	32	30	31	https://godot.date/id/SGtRzUupiieUBu8Ewi4b95
Tiberius	https://www.wikidata.org/wiki/Q1407	33	31	32	https://godot.date/id/opdak9pGjwvRqSwkHmhHnb
Tiberius	https://www.wikidata.org/wiki/Q1407	34	32	33	https://godot.date/id/GBLTQYFpuR294oH6GuG8pT
Tiberius	https://www.wikidata.org/wiki/Q1407	35	33	34	https://godot.date/id/coHUhN3C5ELERwWfZDo3UW
Tiberius	https://www.wikidata.org/wiki/Q1407	36	34	35	https://godot.date/id/NUNewZZ2negKa9TcBCrjSf
Tiberius	https://www.wikidata.org/wiki/Q1407	37	35	36	https://godot.date/id/Ahd9Th8A7LiBQKW93hogJN
Tiberius	https://www.wikidata.org/wiki/Q1407	38	36	37	https://godot.date/id/2NpDTgEiDKNMN5mCHgX5i6
Caligula	http://www.wikidata.org/entity/Q1409	1	37	38	https://godot.date/id/b2cv5ZH33jxWSjzh4UVkgE
Caligula	http://www.wikidata.org/entity/Q1409	2	38	39	https://godot.date/id/2j2ZSSRmeVpRkmNrJjBWmP
Caligula	http://www.wikidata.org/entity/Q1409	3	39	40	https://godot.date/id/6EddQFdoN6oNKc4wa3YsxZ
Caligula	http://www.wikidata.org/entity/Q1409	4	40	41	https://godot.date/id/x5iuxhzV9NMMsiYemejPk3
Claudius	http://www.wikidata.org/entity/Q1411	1	41	42	https://godot.date/id/PZq7jGhqJ6tMKTJ73Y9MX6
Claudius	http://www.wikidata.org/entity/Q1411	2	42	43	https://godot.date/id/cAR23AQ2A82LmyntavPJTR
Claudius	http://www.wikidata.org/entity/Q1411	3	43	44	https://godot.date/id/UF4g75TUA5HsBawhLFGQ2h
Claudius	http://www.wikidata.org/entity/Q1411	4	44	45	https://godot.date/id/Qpc5AfS322HkW33AkH5LKZ
Claudius	http://www.wikidata.org/entity/Q1411	5	45	46	https://godot.date/id/6X3Tq3eE4HsCznjmnxVDJU
Claudius	http://www.wikidata.org/entity/Q1411	6	46	47	https://godot.date/id/aHXHhx2AWzMRCV8DrfeEZG
Claudius	http://www.wikidata.org/entity/Q1411	7	47	48	https://godot.date/id/4W6qMfrYda8JGhHP5aS5aM
Claudius	http://www.wikidata.org/entity/Q1411	8	48	49	https://godot.date/id/zJu3qWwaV2WvVAEGmhVECH
Claudius	http://www.wikidata.org/entity/Q1411	9	49	50	https://godot.date/id/yTuwsB3hmhMLiUgqHoKkm9
Claudius	http://www.wikidata.org/entity/Q1411	10	50	51	https://godot.date/id/TFgQq4zianHuduHeTs59sB
Claudius	http://www.wikidata.org/entity/Q1411	11	51	52	https://godot.date/id/oojkE3djHRrNokqde5LXTi
Claudius	http://www.wikidata.org/entity/Q1411	12	52	53	https://godot.date/id/JzcGLD5seAmgGR6jbuTqqc
Claudius	http://www.wikidata.org/entity/Q1411	13	53	54	https://godot.date/id/oescrBfrss8EVyYaf7tNqk
Claudius	http://www.wikidata.org/entity/Q1411	14	54	54	https://godot.date/id/2dRDm3YH8zUcqjmsKkxk53
Nero	http://www.wikidata.org/entity/Q1413	1	54	55	https://godot.date/id/RN6qdN5TwUFKu7V2nYgnFn
Nero	http://www.wikidata.org/entity/Q1413	2	55	56	https://godot.date/id/at8w5gPgsRFPyCLidnsZM3
Nero	http://www.wikidata.org/entity/Q1413	3	56	57	https://godot.date/id/ahVMi7FBhkHXgw4zvXoC8
Nero	http://www.wikidata.org/entity/Q1413	4	57	58	https://godot.date/id/forFufHPKBK3o7nEmYFFZE
Nero	http://www.wikidata.org/entity/Q1413	5	58	59	https://godot.date/id/66kYS45HF6sV3NsgFfWCWS
Nero	http://www.wikidata.org/entity/Q1413	6	59	60	https://godot.date/id/AHcq7gGLjxK4VRnQZriZ8U
Nero	http://www.wikidata.org/entity/Q1413	7	60	61	https://godot.date/id/NRNR2X2UsBxijYjyxJvQ3G
Nero	http://www.wikidata.org/entity/Q1413	8	61	62	https://godot.date/id/FEDENJoUmZzpD77CWTeZcX
Nero	http://www.wikidata.org/entity/Q1413	9	62	63	https://godot.date/id/yTGmAuRJ6qHUMezoaRCYuW
Nero	http://www.wikidata.org/entity/Q1413	10	63	64	https://godot.date/id/GH2RTwoeMhPkdVagQqGaFk
Nero	http://www.wikidata.org/entity/Q1413	11	64	65	https://godot.date/id/ptkyoj4dbNWyisxh5xU98c
Nero	http://www.wikidata.org/entity/Q1413	12	65	66	https://godot.date/id/XuYVXq7vZdPWnGyBRx7Sa6
Nero	http://www.wikidata.org/entity/Q1413	13	66	67	https://godot.date/id/sbAesb66awNochAWW4mdyD
Nero	http://www.wikidata.org/entity/Q1413	14	67	68	https://godot.date/id/ht5PKQayRwweeUZ5R9iy6
Galba	http://www.wikidata.org/entity/Q1414	1	68	69	https://godot.date/id/m5ZLhqq6fQ6CZ65tEvoR7
Otho	http://www.wikidata.org/entity/Q1416	1	68	69	https://godot.date/id/gbBQajB5phuugqy4JabodB
Vitellius	http://www.wikidata.org/entity/Q1417	1	69	69	https://godot.date/id/HLbpQDU6esPgr45SG4sLYe
Vespasian	http://www.wikidata.org/entity/Q1419	1	69	70	https://godot.date/id/qVv2YSqfTBTPyMT8HDccke
Vespasian	http://www.wikidata.org/entity/Q1419	2	70	71	https://godot.date/id/UKcUeeggrkrpKUo38xrYKB
Vespasian	http://www.wikidata.org/entity/Q1419	3	71	72	https://godot.date/id/qEhjNGY2AkxDLDgtrPZVGY
Vespasian	http://www.wikidata.org/entity/Q1419	4	72	73	https://godot.date/id/quvqh8ng4eHvn68F944wci
Vespasian	http://www.wikidata.org/entity/Q1419	5	73	74	https://godot.date/id/RX2GYvf4ThgMQnqiLenW7F
Vespasian	http://www.wikidata.org/entity/Q1419	6	74	75	https://godot.date/id/tKF6gqMHJv9YTtMnfxNnLB
Vespasian	http://www.wikidata.org/entity/Q1419	7	75	76	https://godot.date/id/2bJ4rmoDxsar9cF7X53dZ6
Vespasian	http://www.wikidata.org/entity/Q1419	8	76	77	https://godot.date/id/z65SiXbWkjFtb9jtyBMZQN
Vespasian	http://www.wikidata.org/entity/Q1419	9	77	78	https://godot.date/id/RdHLXDcqcCKHg4t3kU299c
Vespasian	http://www.wikidata.org/entity/Q1419	10	78	79	https://godot.date/id/WbFCQ7e2jgvCawNkp22ixQ
Titus	http://www.wikidata.org/entity/Q1421	1	71	72	https://godot.date/id/xC5NvnWBkrCC5HW8pnxk2h
Titus	http://www.wikidata.org/entity/Q1421	2	72	73	https://godot.date/id/SSTciicFVNSp3NN9XerbDT
Titus	http://www.wikidata.org/entity/Q1421	3	73	74	https://godot.date/id/e8v9HRwni45hHZuyPjgUvS
Titus	http://www.wikidata.org/entity/Q1421	4	74	75	https://godot.date/id/5WaKoWPjAhnNrnXNUdcfr9
Titus	http://www.wikidata.org/entity/Q1421	5	75	76	https://godot.date/id/TX9bFedn5sFvMHmiSGC25D
Titus	http://www.wikidata.org/entity/Q1421	6	76	77	https://godot.date/id/qzaPmEwEBBojtaTuPXdqMo
Titus	http://www.wikidata.org/entity/Q1421	7	77	78	https://godot.date/id/cbShsoDYDD8658nwDywKrR
Titus	http://www.wikidata.org/entity/Q1421	8	78	79	https://godot.date/id/YZfhKxmfNgcxVXX9BsoGfk
Titus	http://www.wikidata.org/entity/Q1421	9	79	80	https://godot.date/id/sLyAFvSedRpKEHCevN3y3E
Titus	http://www.wikidata.org/entity/Q1421	10	80	81	https://godot.date/id/vyPLbxVFTbt4QKfckhMj27
Titus	http://www.wikidata.org/entity/Q1421	11	81	81	https://godot.date/id/DZAqbSgGqY4ZMwPgge6dvJ
Domitian	http://www.wikidata.org/entity/Q1423	1	81	82	https://godot.date/id/khuZpwhgkuuwdWMgLLWLCZ
Domitian	http://www.wikidata.org/entity/Q1423	2	82	83	https://godot.date/id/bBSgKKNmxwrJqhAy5NdoDK
Domitian	http://www.wikidata.org/entity/Q1423	3	83	84	https://godot.date/id/hXtvxjWRwNez3yFHAQ9BhQ
Domitian	http://www.wikidata.org/entity/Q1423	4	84	85	https://godot.date/id/YkLF7nbSqSTz3ZX3qUX4jB
Domitian	http://www.wikidata.org/entity/Q1423	5	85	86	https://godot.date/id/jpKpH39e6shXrTDVjFK7y6
Domitian	http://www.wikidata.org/entity/Q1423	6	86	87	https://godot.date/id/6DYKojBbjhmVZoPLr6AU2b
Domitian	http://www.wikidata.org/entity/Q1423	7	87	88	https://godot.date/id/iWLCybQos9EVZVGGJT27TR
Domitian	http://www.wikidata.org/entity/Q1423	8	88	89	https://godot.date/id/kK8bGREtme3Wjz5bhaJ57P
Domitian	http://www.wikidata.org/entity/Q1423	9	89	90	https://godot.date/id/ZZLFHp7qSYECWbM9a2wbiE
Domitian	http://www.wikidata.org/entity/Q1423	10	90	91	https://godot.date/id/7vrENM9GrQjiEqgGmF4ndP
Domitian	http://www.wikidata.org/entity/Q1423	11	91	92	https://godot.date/id/YDdtk5MbdZeDgN2NnbAKsU
Domitian	http://www.wikidata.org/entity/Q1423	12	92	93	https://godot.date/id/pGw74sUikhysr9z5KLmCXd
Domitian	http://www.wikidata.org/entity/Q1423	13	93	94	https://godot.date/id/A3kkx3Y8PJVLaLUS3s2nRD
Domitian	http://www.wikidata.org/entity/Q1423	14	94	95	https://godot.date/id/wXBjfXqcAcxxieY3M7AyEb
Domitian	http://www.wikidata.org/entity/Q1423	15	95	96	https://godot.date/id/4vGpJFUzc7rUtV8QXJcFMb
Domitian	http://www.wikidata.org/entity/Q1423	16	96	96	https://godot.date/id/bmUQbyRtEepxXJHMfzzJze
Nerva	http://www.wikidata.org/entity/Q1424	1	96	97	https://godot.date/id/FHLWwCgb2dSJxG2ApMJJek
Nerva	http://www.wikidata.org/entity/Q1424	2	97	97	https://godot.date/id/5CgSy2shEbBbAez2LXjip4
Nerva	http://www.wikidata.org/entity/Q1424	3	97	98	https://godot.date/id/7YJnxkSbVsBeR52gQC3LbE
Trajan	http://www.wikidata.org/entity/Q1425	1	97	97	https://godot.date/id/38HqsyCsNigm2M2jqzbvYT
Trajan	http://www.wikidata.org/entity/Q1425	2	97	98	https://godot.date/id/xnsSoHhSQpFJXS2ao6o377
Trajan	http://www.wikidata.org/entity/Q1425	3	98	99	https://godot.date/id/pTwyv9z5DvmKLeRgpZchoh
Trajan	http://www.wikidata.org/entity/Q1425	4	99	100	https://godot.date/id/6x9aGYbhPBTet9wihy3pLL
Trajan	http://www.wikidata.org/entity/Q1425	5	100	101	https://godot.date/id/rNCnSnxP2BqUtxVhkdZTtZ
Trajan	http://www.wikidata.org/entity/Q1425	6	101	102	https://godot.date/id/Znm6XowaqmNqWCe4wFMDKL
Trajan	http://www.wikidata.org/entity/Q1425	7	102	103	https://godot.date/id/J5kBHBBspVRTmRKsnN92YX
Trajan	http://www.wikidata.org/entity/Q1425	8	103	104	https://godot.date/id/W7VFc5V96i5LQcgpe5vTeJ
Trajan	http://www.wikidata.org/entity/Q1425	9	104	105	https://godot.date/id/mq7Y4kodBkGgkNDcoXKpYA
Trajan	http://www.wikidata.org/entity/Q1425	10	105	106	https://godot.date/id/8UQeNEmA8w5QStdE3STNKS
Trajan	http://www.wikidata.org/entity/Q1425	11	106	107	https://godot.date/id/2apQbdKj5PEL2KLfYMe3eS
Trajan	http://www.wikidata.org/entity/Q1425	12	107	108	https://godot.date/id/LTNf5LhzPv6yE7JZ2jizJm
Trajan	http://www.wikidata.org/entity/Q1425	13	108	109	https://godot.date/id/of9fpiJ29BxYJqajypoCWj
Trajan	http://www.wikidata.org/entity/Q1425	14	109	110	https://godot.date/id/M7NGqABLhRisoPjHEhMVjk
Trajan	http://www.wikidata.org/entity/Q1425	15	110	111	https://godot.date/id/hzEXTbKNhAFRt5jnH4CRWo
Trajan	http://www.wikidata.org/entity/Q1425	16	111	112	https://godot.date/id/98NikVkPL7mBA5pVJBNXqK
Trajan	http://www.wikidata.org/entity/Q1425	17	112	113	https://godot.date/id/Je4rUcPZVCYhjkUxsSmgq4
Trajan	http://www.wikidata.org/entity/Q1425	18	113	114	https://godot.date/id/jYzj9AjfLuYk2CDzkP8oW9
Trajan	http://www.wikidata.org/entity/Q1425	19	114	115	https://godot.date/id/GF63kz586jeEDGy3r4LNgL
Trajan	http://www.wikidata.org/entity/Q1425	20	115	116	https://godot.date/id/Q5G2XYoTDUhnrduJdckf9E
Trajan	http://www.wikidata.org/entity/Q1425	21	116	117	https://godot.date/id/BGY4t4v2eqzyneLhw43APe
Hadrian	http://www.wikidata.org/entity/Q1427	1	117	117	https://godot.date/id/P4WPqfdHVe3i4LRqpSjqpV
Hadrian	http://www.wikidata.org/entity/Q1427	2	117	118	https://godot.date/id/pJxLZa8AHFRyLXiTk4xxra
Hadrian	http://www.wikidata.org/entity/Q1427	3	118	119	https://godot.date/id/8mTao3GAfNBvocScnoHmNj
Hadrian	http://www.wikidata.org/entity/Q1427	4	119	120	https://godot.date/id/24HhkGAL6CTEpQvWtECAk8
Hadrian	http://www.wikidata.org/entity/Q1427	5	120	121	https://godot.date/id/avVCFmfQmGapo9u5bmAdr6
Hadrian	http://www.wikidata.org/entity/Q1427	6	121	122	https://godot.date/id/i5XGziem4ABrt2AMCtqH8S
Hadrian	http://www.wikidata.org/entity/Q1427	7	122	123	https://godot.date/id/iiapbPRXRbgzzwjeRN9JDT
Hadrian	http://www.wikidata.org/entity/Q1427	8	123	124	https://godot.date/id/SkTwK6ZjjDFexyujQmPzFk
Hadrian	http://www.wikidata.org/entity/Q1427	9	124	125	https://godot.date/id/3gn9pBQVVSeWwhVLaft5BR
Hadrian	http://www.wikidata.org/entity/Q1427	10	125	126	https://godot.date/id/bGsXhi7w4HkhyBCgt3FpMh
Hadrian	http://www.wikidata.org/entity/Q1427	11	126	127	https://godot.date/id/Vr2hNtDv2eJYBUpNUwzTf
Hadrian	http://www.wikidata.org/entity/Q1427	12	127	128	https://godot.date/id/88XE5Jn2wt4wW3nHJ6EWYE
Hadrian	http://www.wikidata.org/entity/Q1427	13	128	129	https://godot.date/id/u7we5Vgh9wdGTdF7uXX9Z3
Hadrian	http://www.wikidata.org/entity/Q1427	14	129	130	https://godot.date/id/HggLQonmn2wKKR6vyZr8VL
Hadrian	http://www.wikidata.org/entity/Q1427	15	130	131	https://godot.date/id/ipvKCecEbCHXbQdeY8HeVD
Hadrian	http://www.wikidata.org/entity/Q1427	16	131	132	https://godot.date/id/QuQXrwXwS9Wm22Q6kp5wCm
Hadrian	http://www.wikidata.org/entity/Q1427	17	132	133	https://godot.date/id/EZkRVfHLx3Q3H6nU4WMjaV
Hadrian	http://www.wikidata.org/entity/Q1427	18	133	134	https://godot.date/id/vCK8TA9bcWLBm7psgpdznM
Hadrian	http://www.wikidata.org/entity/Q1427	19	134	135	https://godot.date/id/QtfW7YJt2RzJhRrCcWLb8E
Hadrian	http://www.wikidata.org/entity/Q1427	20	135	136	https://godot.date/id/n3xSPRo4Exr3xJQaXcmdEG
Hadrian	http://www.wikidata.org/entity/Q1427	21	136	137	https://godot.date/id/nmLE5JURAmdjwHUMN93eST
Hadrian	http://www.wikidata.org/entity/Q1427	22	137	138	https://godot.date/id/iuPfSTf3N4R88NaQFceFiS
Antoninus Pius	http://www.wikidata.org/entity/Q1429	1	138	138	https://godot.date/id/SPcuhMAXdu8AJAoVLMSNFG
Antoninus Pius	http://www.wikidata.org/entity/Q1429	2	138	139	https://godot.date/id/3pxUWon97Fd6AsxiDTLfH6
Antoninus Pius	http://www.wikidata.org/entity/Q1429	3	139	140	https://godot.date/id/RerSbThPiSDRT9sZTMb7ZB
Antoninus Pius	http://www.wikidata.org/entity/Q1429	4	140	141	https://godot.date/id/N8bazoWxoh7SHyoZiXMzci
Antoninus Pius	http://www.wikidata.org/entity/Q1429	5	141	142	https://godot.date/id/cpBxkyE9S5FJZtwV5oRXfh
Antoninus Pius	http://www.wikidata.org/entity/Q1429	6	142	143	https://godot.date/id/RyikAZdE54VY4dMdmoJBeb
Antoninus Pius	http://www.wikidata.org/entity/Q1429	7	143	144	https://godot.date/id/vLNqom44YEpaUyXrpeWNgZ
Antoninus Pius	http://www.wikidata.org/entity/Q1429	8	144	145	https://godot.date/id/dk2MMUf4SXCRAnE6FaoNkC
Antoninus Pius	http://www.wikidata.org/entity/Q1429	9	145	146	https://godot.date/id/sgiwcMg9edzvwvJfjQexzm
Antoninus Pius	http://www.wikidata.org/entity/Q1429	10	146	147	https://godot.date/id/RAcXhveEJ38M37ijGWCZy5
Antoninus Pius	http://www.wikidata.org/entity/Q1429	11	147	148	https://godot.date/id/RP4KWy2Y57TJuyLXsCopr8
Antoninus Pius	http://www.wikidata.org/entity/Q1429	12	148	149	https://godot.date/id/MLYYWy9Bi9NsBQKFBqePMW
Antoninus Pius	http://www.wikidata.org/entity/Q1429	13	149	150	https://godot.date/id/AQjTPHcuJYgWSHFxX66zMN
Antoninus Pius	http://www.wikidata.org/entity/Q1429	14	150	151	https://godot.date/id/2MoXmCPBofbcgE6KX5xHaZ
Antoninus Pius	http://www.wikidata.org/entity/Q1429	15	151	152	https://godot.date/id/V4JZugAcvqPyh76Y277CF
Antoninus Pius	http://www.wikidata.org/entity/Q1429	16	152	153	https://godot.date/id/vA9QJY4NkASEsXvYABuhQZ
Antoninus Pius	http://www.wikidata.org/entity/Q1429	17	153	154	https://godot.date/id/Z6yBPr3qkdxAjCLvigzLX5
Antoninus Pius	http://www.wikidata.org/entity/Q1429	18	154	155	https://godot.date/id/4T7YU5vGnBt7qQsV3r2JQH
Antoninus Pius	http://www.wikidata.org/entity/Q1429	19	155	156	https://godot.date/id/FSi5FBzJfjuvLeGVSZopQF
Antoninus Pius	http://www.wikidata.org/entity/Q1429	20	156	157	https://godot.date/id/sVFef4EgGaNjnwhwj2Bda
Antoninus Pius	http://www.wikidata.org/entity/Q1429	21	157	158	https://godot.date/id/8Z5huJ9Qt2HbC94dFzX5sT
Antoninus Pius	http://www.wikidata.org/entity/Q1429	22	158	159	https://godot.date/id/MZabHR2LvQazPJskh8xs6a
Antoninus Pius	http://www.wikidata.org/entity/Q1429	23	159	160	https://godot.date/id/rvexubb7hBzTBf87S2BTNL
Antoninus Pius	http://www.wikidata.org/entity/Q1429	24	160	161	https://godot.date/id/TJNCiV2yt585RGFqn4ffCG
Marc Aurel	http://www.wikidata.org/entity/Q1430	1	147	147	https://godot.date/id/E6musptgsEBG6YFWrQNxqN
Marc Aurel	http://www.wikidata.org/entity/Q1430	2	147	148	https://godot.date/id/hL2GUCFhiyzSC2DVknMu3i
Marc Aurel	http://www.wikidata.org/entity/Q1430	3	148	149	https://godot.date/id/QGw5P5zw5VLs2rHJh9dmEn
Marc Aurel	http://www.wikidata.org/entity/Q1430	4	149	150	https://godot.date/id/VLmzP4VFqNykbvGy95skYh
Marc Aurel	http://www.wikidata.org/entity/Q1430	5	150	151	https://godot.date/id/NsfwPXSaC9rfmvo2HRviLC
Marc Aurel	http://www.wikidata.org/entity/Q1430	6	151	152	https://godot.date/id/oJbZqx5bG8M8qiboB6Gx4H
Marc Aurel	http://www.wikidata.org/entity/Q1430	7	152	153	https://godot.date/id/YjeZxgYD8DhrhLyqxkRL2Q
Marc Aurel	http://www.wikidata.org/entity/Q1430	8	153	154	https://godot.date/id/27tR2LZfaBtJjmzdtRwctS
Marc Aurel	http://www.wikidata.org/entity/Q1430	9	154	155	https://godot.date/id/fKBhcH3wwe9BkSgtfkHPYG
Marc Aurel	http://www.wikidata.org/entity/Q1430	10	155	156	https://godot.date/id/Qq9NujyMw8snZ6SbroLztU
Marc Aurel	http://www.wikidata.org/entity/Q1430	11	156	157	https://godot.date/id/afXLfFKtUGd8JJFtk7bUyh
Marc Aurel	http://www.wikidata.org/entity/Q1430	12	157	158	https://godot.date/id/hsWLs73jTxPNw5vbJPgMPb
Marc Aurel	http://www.wikidata.org/entity/Q1430	13	158	159	https://godot.date/id/inHwRmpsEDJrLdHUv9F9eG
Marc Aurel	http://www.wikidata.org/entity/Q1430	14	159	160	https://godot.date/id/3xqxN99JdyUM4K3qiTdwqF
Marc Aurel	http://www.wikidata.org/entity/Q1430	15	160	161	https://godot.date/id/HMFKzJZUJvpBd8iQN57cFj
Marc Aurel	http://www.wikidata.org/entity/Q1430	16	161	162	https://godot.date/id/eySAhWoazEgvLEZLeExPo3
Marc Aurel	http://www.wikidata.org/entity/Q1430	17	162	163	https://godot.date/id/rq8bBcC695fAKQWpGj2eWV
Marc Aurel	http://www.wikidata.org/entity/Q1430	18	163	164	https://godot.date/id/f7jsVf5Lipgkiwog2UHr7L
Marc Aurel	http://www.wikidata.org/entity/Q1430	19	164	165	https://godot.date/id/gGoaaPoEUJePTiCgGioK3W
Marc Aurel	http://www.wikidata.org/entity/Q1430	20	165	166	https://godot.date/id/7kKZ2x8Jtdpzrc2HXE6idJ
Marc Aurel	http://www.wikidata.org/entity/Q1430	21	166	167	https://godot.date/id/Lw9LLGUK5SuehrRoXJLkbb
Marc Aurel	http://www.wikidata.org/entity/Q1430	22	167	168	https://godot.date/id/hPvyg5w47HyhAVN5Kth9uh
Marc Aurel	http://www.wikidata.org/entity/Q1430	23	168	169	https://godot.date/id/XkqUvKfxknpBhSZZHwNNxh
Marc Aurel	http://www.wikidata.org/entity/Q1430	24	169	170	https://godot.date/id/f456UfyiaDFz4deReGAXR8
Marc Aurel	http://www.wikidata.org/entity/Q1430	25	170	171	https://godot.date/id/vshnngDUF4kU8spQahV62L
Marc Aurel	http://www.wikidata.org/entity/Q1430	26	171	172	https://godot.date/id/fXMdiYhyQDa4moL4fY5XFD
Marc Aurel	http://www.wikidata.org/entity/Q1430	27	172	173	https://godot.date/id/YG7EeyccXtY9WPt2o8nxYX
Marc Aurel	http://www.wikidata.org/entity/Q1430	28	173	174	https://godot.date/id/AQhHDCNxPDTEWmvjH3h3Fi
Marc Aurel	http://www.wikidata.org/entity/Q1430	29	174	175	https://godot.date/id/S4EyAhJJx7BwrvP7s3DN3h
Marc Aurel	http://www.wikidata.org/entity/Q1430	30	175	176	https://godot.date/id/SohfVX6m3sw8c7sEgKnYrH
Marc Aurel	http://www.wikidata.org/entity/Q1430	31	176	177	https://godot.date/id/8RREma84yWg5ct7YUthsua
Marc Aurel	http://www.wikidata.org/entity/Q1430	32	177	178	https://godot.date/id/ExYiniaRe2HyjNDCaKUqwH
Marc Aurel	http://www.wikidata.org/entity/Q1430	33	178	179	https://godot.date/id/Fhq2nKJDjEmXyCc5ybwGJW
Marc Aurel	http://www.wikidata.org/entity/Q1430	34	179	180	https://godot.date/id/zJBdpgHEVc9b9w2mogZnPV
Verus	https://www.wikidata.org/entity/Q1433	1	161	161	https://godot.date/id/RVJKZReupcgMdQbQuzBEcd
Verus	https://www.wikidata.org/entity/Q1433	2	161	162	https://godot.date/id/XrDLUMgV2CqVBegfJPjCg2
Verus	https://www.wikidata.org/entity/Q1433	3	162	163	https://godot.date/id/awhLftmR3iZAQp59rGim8E
Verus	https://www.wikidata.org/entity/Q1433	4	163	164	https://godot.date/id/KsYJ9yiv9XtagP6WmFSZqM
Verus	https://www.wikidata.org/entity/Q1433	5	164	165	https://godot.date/id/xpmcyoUT2YpaUKV7U92iVj
Verus	https://www.wikidata.org/entity/Q1433	6	165	166	https://godot.date/id/c6g4rTdE6VPtpqiTa3NV3Z
Verus	https://www.wikidata.org/entity/Q1433	7	166	167	https://godot.date/id/8gMvqiguSpXJguNfXGio5J
Verus	https://www.wikidata.org/entity/Q1433	8	167	168	https://godot.date/id/tgYDSfNTZviUbXCuPAQS3A
Verus	https://www.wikidata.org/entity/Q1433	9	168	169	https://godot.date/id/ujuk2TKaDEJr2Zz9yox8DY
Commodus	http://www.wikidata.org/entity/Q1434	1	177	177	https://godot.date/id/U4kkEkFPbtbvk9FuPYfe4Y
Commodus	http://www.wikidata.org/entity/Q1434	2	177	177	https://godot.date/id/vdPjM8eETN4rGXzX7HRHFR
Commodus	http://www.wikidata.org/entity/Q1434	3	177	178	https://godot.date/id/GBHjFaxTu7MvQtXk5M5rdc
Commodus	http://www.wikidata.org/entity/Q1434	4	178	179	https://godot.date/id/Lh4sS37YkDi3Uptt4ZXmmK
Commodus	http://www.wikidata.org/entity/Q1434	5	179	180	https://godot.date/id/noKQqSxGFXDEsbbRhTTRoE
Commodus	http://www.wikidata.org/entity/Q1434	6	180	181	https://godot.date/id/o6e9MQaNXRqoVwd6bgN2p6
Commodus	http://www.wikidata.org/entity/Q1434	7	181	182	https://godot.date/id/jkfujFYBcNnSffVjpVjRKd
Commodus	http://www.wikidata.org/entity/Q1434	8	182	183	https://godot.date/id/5sey4n5FEBVTyCwagTmUva
Commodus	http://www.wikidata.org/entity/Q1434	9	183	184	https://godot.date/id/SuVNsGK436C32ZHoyqCus3
Commodus	http://www.wikidata.org/entity/Q1434	10	184	185	https://godot.date/id/pGBMEuAJ84nmqRLumqKhaF
Commodus	http://www.wikidata.org/entity/Q1434	11	185	186	https://godot.date/id/XQPGwAChhZJgJVbvWBhPZB
Commodus	http://www.wikidata.org/entity/Q1434	12	186	187	https://godot.date/id/azvWXq5iUixwzPMiyY9fZG
Commodus	http://www.wikidata.org/entity/Q1434	13	187	188	https://godot.date/id/8NAm6FJ3P8ZBW2KHroxUQe
Commodus	http://www.wikidata.org/entity/Q1434	14	188	189	https://godot.date/id/wCUC5TVM78JVb6gNEzoKVR
Commodus	http://www.wikidata.org/entity/Q1434	15	189	190	https://godot.date/id/RQEbZev4D6cmmrYJpyDt4b
Commodus	http://www.wikidata.org/entity/Q1434	16	190	191	https://godot.date/id/snbbVhEuEeJsukXZFPESMR
Commodus	http://www.wikidata.org/entity/Q1434	17	191	192	https://godot.date/id/LeqX4AKCLiFdMNYox87snS
Commodus	http://www.wikidata.org/entity/Q1434	18	192	192	https://godot.date/id/roKN5EgQgUvJhsgjQKvWWk
Pertinax	http://www.wikidata.org/entity/Q1436	1	193	193	https://godot.date/id/EdQTCLRTHNjx5rnx2Cecj6
Didius Iulianus	http://www.wikidata.org/entity/Q1436	1	193	193	https://godot.date/id/gtYLrTTzs56jnuq8GtGBCo
Septimius Severus	http://www.wikidata.org/entity/Q1442	1	193	193	https://godot.date/id/R95YCyPssmeQwTrTpmfuK8
Septimius Severus	http://www.wikidata.org/entity/Q1442	2	193	194	https://godot.date/id/hVQUZrrhYsMa9RzYJWghNj
Septimius Severus	http://www.wikidata.org/entity/Q1442	3	194	195	https://godot.date/id/2rhBeUsYWoivTxG6TvoxXe
Septimius Severus	http://www.wikidata.org/entity/Q1442	4	195	196	https://godot.date/id/n96ehmM2UrKrDbMUsH36kn
Septimius Severus	http://www.wikidata.org/entity/Q1442	5	196	197	https://godot.date/id/Wc9oG8va8y5w9SwRtxnHhE
Septimius Severus	http://www.wikidata.org/entity/Q1442	6	197	198	https://godot.date/id/K2My2Ba6cFWwvePKDC5bo9
Septimius Severus	http://www.wikidata.org/entity/Q1442	7	198	199	https://godot.date/id/9tvFpKiCnauKQ8vPUiq2gd
Septimius Severus	http://www.wikidata.org/entity/Q1442	8	199	200	https://godot.date/id/gAyZ7AUmARyUPyiAhN5HVV
Septimius Severus	http://www.wikidata.org/entity/Q1442	9	200	201	https://godot.date/id/B3MaxYmzDKtcgNgYtEp8Qk
Septimius Severus	http://www.wikidata.org/entity/Q1442	10	201	202	https://godot.date/id/qT7qULXycVNzBaAEbsDqeN
Septimius Severus	http://www.wikidata.org/entity/Q1442	11	202	203	https://godot.date/id/YQDSmStGDJjHeJhDSpnx8J
Septimius Severus	http://www.wikidata.org/entity/Q1442	12	203	204	https://godot.date/id/B4JWbQLTstJivNaS7DSdtX
Septimius Severus	http://www.wikidata.org/entity/Q1442	13	204	205	https://godot.date/id/E8dKhVZKpHNJSSxRk7P2nF
Septimius Severus	http://www.wikidata.org/entity/Q1442	14	205	206	https://godot.date/id/cdNGV8FpogQXBrUe4EBgzB
Septimius Severus	http://www.wikidata.org/entity/Q1442	15	206	207	https://godot.date/id/y3tHpJ4d2pTwS8gXV3CNQj
Septimius Severus	http://www.wikidata.org/entity/Q1442	16	207	208	https://godot.date/id/uJ9jRC8L8YKv7chBwhDVPL
Septimius Severus	http://www.wikidata.org/entity/Q1442	17	208	209	https://godot.date/id/94bCQkKPQWSEvohYMmUKrD
Septimius Severus	http://www.wikidata.org/entity/Q1442	18	209	210	https://godot.date/id/koBdFh3Z9EmQAxjDxYFnGn
Septimius Severus	http://www.wikidata.org/entity/Q1442	19	210	211	https://godot.date/id/PdroGf8sJN4v87PwZZPJyU
Caracalla	https://www.wikidata.org/entity/Q1446	1	210	211	https://godot.date/id/aVLm6ffiigi2C6o7ZaETbk
Caracalla	https://www.wikidata.org/entity/Q1446	2	211	212	https://godot.date/id/PDbP9vUGmixza6Lr3oFZNh
Caracalla	https://www.wikidata.org/entity/Q1446	3	212	213	https://godot.date/id/QMFy9nWHfV7CXvfjQtTJEA
Caracalla	https://www.wikidata.org/entity/Q1446	4	213	214	https://godot.date/id/qgS95YGEAYU2VZS6EfVWyb
Caracalla	https://www.wikidata.org/entity/Q1446	5	214	215	https://godot.date/id/5HyUUNkbRtbShadVn6hZvZ
Caracalla	https://www.wikidata.org/entity/Q1446	6	215	216	https://godot.date/id/AFkaC7hWzwGdDAfttnvNaY
Caracalla	https://www.wikidata.org/entity/Q1446	7	216	217	https://godot.date/id/nkDVPg2dJrsNQyNT8y3tPB
Caracalla	https://www.wikidata.org/entity/Q1446	8	217	218	https://godot.date/id/pnzXBE7FEmFKjdtF6y56qc
Caracalla	https://www.wikidata.org/entity/Q1446	9	218	219	https://godot.date/id/uC7WbUiLj9fqTsrPkbdqUc
Caracalla	https://www.wikidata.org/entity/Q1446	10	219	220	https://godot.date/id/XExik33nxL4VwQvAsiGhLJ
Caracalla	https://www.wikidata.org/entity/Q1446	11	220	221	https://godot.date/id/buCz9U6yBF882N5eGDLAC5
Caracalla	https://www.wikidata.org/entity/Q1446	12	221	222	https://godot.date/id/QTCvvAeG3uX9C9ehCxBWdg
Caracalla	https://www.wikidata.org/entity/Q1446	13	222	223	https://godot.date/id/nXMexA2VqHbCNEPDyD75JV
Caracalla	https://www.wikidata.org/entity/Q1446	14	223	224	https://godot.date/id/aL3vWnf3FWUeF5Jxnq9N4L
Caracalla	https://www.wikidata.org/entity/Q1446	15	224	225	https://godot.date/id/m8DdZHyru29kiV7kJuBCfk
Caracalla	https://www.wikidata.org/entity/Q1446	16	225	226	https://godot.date/id/ZTScaNUdSwsYam5XvRUDdK
Caracalla	https://www.wikidata.org/entity/Q1446	17	226	227	https://godot.date/id/LJPcpDJ5cScitJj7YvPBEX
Caracalla	https://www.wikidata.org/entity/Q1446	18	227	228	https://godot.date/id/GuSMqg2gM8PKwDxbWwbxRQ
Caracalla	https://www.wikidata.org/entity/Q1446	19	228	229	https://godot.date/id/3XUX8Lddn5LBs9ebwQdJyX
Caracalla	https://www.wikidata.org/entity/Q1446	20	229	230	https://godot.date/id/jYyCKq7L4VsFLRd5dueTy3
Geta	https://www.wikidata.org/entity/Q183089	1	209	209	https://godot.date/id/5BF8YLdUJUJrQoM8WwzSCU
Geta	https://www.wikidata.org/entity/Q183089	2	209	210	https://godot.date/id/gByYFduHqRKL4DmLGLEGUB
Geta	https://www.wikidata.org/entity/Q183089	3	210	211	https://godot.date/id/kTWFAJCTVnKBKUNLhYjsJU
Geta	https://www.wikidata.org/entity/Q183089	4	211	211	https://godot.date/id/shPvkspyyq6X6LLxjDrTHC
Macrinus	https://www.wikidata.org/entity/Q1752	1	217	217	https://godot.date/id/UniWWT3HKgQciCjziUjirP
Macrinus	https://www.wikidata.org/entity/Q1752	2	217	218	https://godot.date/id/4KpFTQEmNpjjqtQwLfySTa
Elagabal	https://www.wikidata.org/entity/Q1762	1	218	218	https://godot.date/id/N6XgqdqYYNnahCQndE973o
Elagabal	https://www.wikidata.org/entity/Q1762	2	218	219	https://godot.date/id/FaMS2fZebnif2Wc6zyBpVh
Elagabal	https://www.wikidata.org/entity/Q1762	3	219	220	https://godot.date/id/Kpk6fTnWxuVg6cuojXMK2P
Elagabal	https://www.wikidata.org/entity/Q1762	4	220	221	https://godot.date/id/ETuccxhWWqpCYNKZ8mLDBg
Elagabal	https://www.wikidata.org/entity/Q1762	5	221	222	https://godot.date/id/BJjLFPtANqEgXMXcWysh9e
Severus Alexander	https://www.wikidata.org/entity/Q1769	1	222	222	https://godot.date/id/jjWAadoDQJax5xZZEeerAP
Severus Alexander	https://www.wikidata.org/entity/Q1769	2	222	223	https://godot.date/id/ypMHPV6DejuTEH4UuwWUFV
Severus Alexander	https://www.wikidata.org/entity/Q1769	3	223	224	https://godot.date/id/oZCHPNVDjcFLShgTrgVu2i
Severus Alexander	https://www.wikidata.org/entity/Q1769	4	224	225	https://godot.date/id/9oM2aUukHvqRAnQLB7RUc5
Severus Alexander	https://www.wikidata.org/entity/Q1769	5	225	226	https://godot.date/id/5NNKzuXBJ4VMXQUcQP2sBR
Severus Alexander	https://www.wikidata.org/entity/Q1769	6	226	227	https://godot.date/id/yWfhVvLBjLVrjyr2KABHBi
Severus Alexander	https://www.wikidata.org/entity/Q1769	7	227	228	https://godot.date/id/Bbeq5HrjTTrWooCmj7FBEf
Severus Alexander	https://www.wikidata.org/entity/Q1769	8	228	229	https://godot.date/id/emW2jZtwh3sMdYwnJ5Fh4N
Severus Alexander	https://www.wikidata.org/entity/Q1769	9	229	230	https://godot.date/id/zvNR3uWWXircq4QXMHknAk
Severus Alexander	https://www.wikidata.org/entity/Q1769	10	230	231	https://godot.date/id/djWbeqv2DDNtkRkvfAbQci
Severus Alexander	https://www.wikidata.org/entity/Q1769	11	231	232	https://godot.date/id/Bc8Vod8TqUyowHjw9oMc23
Severus Alexander	https://www.wikidata.org/entity/Q1769	12	232	233	https://godot.date/id/fzEazubcUZ6BdAAF7ret
Severus Alexander	https://www.wikidata.org/entity/Q1769	13	233	234	https://godot.date/id/RufFUovbDJZ392hmYEyjhb
Severus Alexander	https://www.wikidata.org/entity/Q1769	14	234	235	https://godot.date/id/fhYM92rb5Z5cpEACVHRZge
Maximinus Thrax	https://www.wikidata.org/entity/Q1777	1	235	235	https://godot.date/id/PTYRYgK2WVmJvmoJGHZYKf
Maximinus Thrax	https://www.wikidata.org/entity/Q1777	2	235	236	https://godot.date/id/enrnLFzKFGiX3h6LJiBSpB
Maximinus Thrax	https://www.wikidata.org/entity/Q1777	3	236	237	https://godot.date/id/Uyb9PmD4osRrW5SMv9txK9
Maximinus Thrax	https://www.wikidata.org/entity/Q1777	4	237	238	https://godot.date/id/7tsGbVGwoPSkLRmVHTNtmD
Pupienus	https://www.wikidata.org/entity/Q1797	1	238	238	https://godot.date/id/aVK9te84VkgYoKmqEs4Ub6
Balbinus	https://www.wikidata.org/entity/Q1805	1	238	238	https://godot.date/id/xGSvPh43cQLzJvzFDcP6nM
Gordian III	https://www.wikidata.org/entity/Q1812	1	238	238	https://godot.date/id/cCqpsbAZbAjMgZSEhsUHr5
Gordian III	https://www.wikidata.org/entity/Q1812	2	238	239	https://godot.date/id/Usimp856AUUpVSH37QFmuZ
Gordian III	https://www.wikidata.org/entity/Q1812	3	239	240	https://godot.date/id/BNo33igaKQy9RjSk9zmC8c
Gordian III	https://www.wikidata.org/entity/Q1812	4	240	241	https://godot.date/id/Y3BFfT2BjuTx8qae9AFY3T
Gordian III	https://www.wikidata.org/entity/Q1812	5	241	242	https://godot.date/id/dwh6PU2Lb28viv2BJ2Teo5
Gordian III	https://www.wikidata.org/entity/Q1812	6	242	243	https://godot.date/id/Ls5tE3CEK63YWjrRsd5tFY
Gordian III	https://www.wikidata.org/entity/Q1812	7	243	244	https://godot.date/id/nV4uMWKoMnhNebavhm6V48
Philippus Arabs	https://www.wikidata.org/wiki/Q1817	1	244	244	https://godot.date/id/P3aNHrnL3BxwYqbwQvxjgW
Philippus Arabs	https://www.wikidata.org/wiki/Q1817	2	244	245	https://godot.date/id/j3sQmcyQk2dbnvxvwgBe6T
Philippus Arabs	https://www.wikidata.org/wiki/Q1817	3	245	246	https://godot.date/id/hNZ3Nm55Gwq5SkP7Hdfyu8
Philippus Arabs	https://www.wikidata.org/wiki/Q1817	4	246	247	https://godot.date/id/xBunBn3LMYKYwSJfaLmEs
Philippus Arabs	https://www.wikidata.org/wiki/Q1817	5	247	248	https://godot.date/id/dVNe3te4aTMncpv85sUzvR
Philippus Arabs	https://www.wikidata.org/wiki/Q1817	6	248	249	https://godot.date/id/nGUiohtYgHp2qy5qkhhjjn
M. Iulius Philippus (iunior)	https://www.wikidata.org/wiki/Q318865	1	247	247	https://godot.date/id/58g2SMc4ktgiRE36jsts5P
M. Iulius Philippus (iunior)	https://www.wikidata.org/wiki/Q318865	2	247	248	https://godot.date/id/AxAXSMmqtQyr9iuk8tZFi5
M. Iulius Philippus (iunior)	https://www.wikidata.org/wiki/Q318865	3	248	249	https://godot.date/id/DKTYfxtdDx8uNKbMKubmaa
Decius	https://www.wikidata.org/wiki/Q1830	1	249	249	https://godot.date/id/Tky7RYUKgjJGcEbaJDvNCj
Decius	https://www.wikidata.org/wiki/Q1830	2	249	250	https://godot.date/id/NyfH5HEWbMMgbMQx7vGUz9
Decius	https://www.wikidata.org/wiki/Q1830	3	250	251	https://godot.date/id/5CfZHKkk5V457YZDn5F8A3
Trebonianus Gallus	https://www.wikidata.org/wiki/Q171023	1	251	251	https://godot.date/id/r8VxxwHU6DSuEXVyw4EXHo
Trebonianus Gallus	https://www.wikidata.org/wiki/Q171023	2	251	252	https://godot.date/id/otshjK52pUiW4igktMBirU
Trebonianus Gallus	https://www.wikidata.org/wiki/Q171023	3	252	253	https://godot.date/id/hCCR4UDNYbeMjPrcC4ys3Q
Trebonianus Gallus	https://www.wikidata.org/wiki/Q171023	4			https://godot.date/id/GA2AUBEj64JR27SLi76Ujd
Volusianus	https://www.wikidata.org/wiki/Q202222	1	251	251	https://godot.date/id/SKDUoRR5KU82qtpN4AKzfS
Volusianus	https://www.wikidata.org/wiki/Q202222	2	251	252	https://godot.date/id/4t2PgsCEcfGHBc8jn9np7o
Volusianus	https://www.wikidata.org/wiki/Q202222	3	252	253	https://godot.date/id/8PLcFoxqQSpkGkCy3riE9T
Volusianus	https://www.wikidata.org/wiki/Q202222	4			https://godot.date/id/Qz4sAr6BCKUACm7uUwhDaE
Aemilius Aemilianus	https://www.wikidata.org/wiki/Q177980	1	253	253	https://godot.date/id/jpG7B8YkqQgKuLy3bUTzkD
Valerian	https://www.wikidata.org/wiki/Q46750	1	253	253	https://godot.date/id/68hgSR8h7T3HHZ5UVJCJb7
Valerian	https://www.wikidata.org/wiki/Q46750	2	253	254	https://godot.date/id/JJ2hxyzNkGUNEk9MgZzaLU
Valerian	https://www.wikidata.org/wiki/Q46750	3	254	255	https://godot.date/id/fPNBFNnc2TQEW2wYH4Df8n
Valerian	https://www.wikidata.org/wiki/Q46750	4	255	256	https://godot.date/id/jgffu63h5FBhv4NPHmy2f9
Valerian	https://www.wikidata.org/wiki/Q46750	5	256	257	https://godot.date/id/iTdQWMR7VTWU8pqD9Ef8FS
Valerian	https://www.wikidata.org/wiki/Q46750	6	257	258	https://godot.date/id/YS37Xsomv9zw7smiY2q5N8
Valerian	https://www.wikidata.org/wiki/Q46750	7	258	259	https://godot.date/id/uwRvCuesnfLDfunoTVTsum
Valerian	https://www.wikidata.org/wiki/Q46750	8	259	260	https://godot.date/id/JBJFmWxMWohdF3hzpMNkRf
Gallienus	https://www.wikidata.org/wiki/Q104475	1	253	253	https://godot.date/id/L33Lr8eUMVQyJsZbdo6MUi
Gallienus	https://www.wikidata.org/wiki/Q104475	2	253	254	https://godot.date/id/zHP3cjSJeUWQYEde8azEJk
Gallienus	https://www.wikidata.org/wiki/Q104475	3	254	255	https://godot.date/id/a7aNmmE4QvwhcYZYb3FGw
Gallienus	https://www.wikidata.org/wiki/Q104475	4	255	256	https://godot.date/id/zePrTatLmLnssbR6WtYfv7
Gallienus	https://www.wikidata.org/wiki/Q104475	5	256	257	https://godot.date/id/ANFmyfvHLuV2kcWoL3aJ8a
Gallienus	https://www.wikidata.org/wiki/Q104475	6	257	258	https://godot.date/id/5cdxVmgWLWyYEUnXa5axnd
Gallienus	https://www.wikidata.org/wiki/Q104475	7	258	259	https://godot.date/id/wonNqK7cByb9RxKSL4S73J
Gallienus	https://www.wikidata.org/wiki/Q104475	8	259	260	https://godot.date/id/GQLbZWAvhNrHGfzypixsSj
Gallienus	https://www.wikidata.org/wiki/Q104475	9	260	261	https://godot.date/id/wdpoGCs6ZPJZt3tn5rkyhV
Gallienus	https://www.wikidata.org/wiki/Q104475	10	261	262	https://godot.date/id/eDAkepPj6rQQxNGCCNicGX
Gallienus	https://www.wikidata.org/wiki/Q104475	11	262	263	https://godot.date/id/HMyUTQWcd6eKycohB4zeBK
Gallienus	https://www.wikidata.org/wiki/Q104475	12	263	264	https://godot.date/id/k9ecbfrM4y7NHmEtro7uNV
Gallienus	https://www.wikidata.org/wiki/Q104475	13	264	265	https://godot.date/id/nYoSqyhFfwVcppZgRgofAX
Gallienus	https://www.wikidata.org/wiki/Q104475	14	265	266	https://godot.date/id/5TERknfFjvjWd9VWYW8SaA
Gallienus	https://www.wikidata.org/wiki/Q104475	15	266	267	https://godot.date/id/G4nonE8iRutXwM6uHMzzyT
Gallienus	https://www.wikidata.org/wiki/Q104475	16	267	268	https://godot.date/id/zs9Wx6rTLe2AFcqe9EwMVk
Claudius II Gothicus	https://www.wikidata.org/wiki/Q46762	1	268	268	https://godot.date/id/m57RkefYF63jgPt2ghidbm
Claudius II Gothicus	https://www.wikidata.org/wiki/Q46762	2	268	269	https://godot.date/id/XccsSrg2Mg5JRuyzTAmFFm
Claudius II Gothicus	https://www.wikidata.org/wiki/Q46762	3	269	270	https://godot.date/id/gHYmEz8W4ZFYjoBpb4SvPX
Aurelian	https://www.wikidata.org/wiki/Q46780	1	270	270	https://godot.date/id/yvxWXRbVexZ99gRyaLgdDC
Aurelian	https://www.wikidata.org/wiki/Q46780	2	270	271	https://godot.date/id/UeA4nwFCCfN42c4qwA3qV
Aurelian	https://www.wikidata.org/wiki/Q46780	3	271	272	https://godot.date/id/mPtyDajvQ9qMgEkDkyfX2X
Aurelian	https://www.wikidata.org/wiki/Q46780	4	272	273	https://godot.date/id/g9Qbn8kaDMr95mXtvY4B3m
Aurelian	https://www.wikidata.org/wiki/Q46780	5	273	274	https://godot.date/id/yjSQ9ucXqdooa9nD6YtHik
Aurelian	https://www.wikidata.org/wiki/Q46780	6	274	275	https://godot.date/id/uJfQSRaD2UqvPqeydLviL9
Tacitus	https://www.wikidata.org/wiki/Q177988	1	275	275	https://godot.date/id/iwKWbDpYSNbRCg9hMiBwU6
Tacitus	https://www.wikidata.org/wiki/Q177988	2	275	276	https://godot.date/id/BtSjKLfhLqiRUwAykxovMj
Probus	https://www.wikidata.org/wiki/Q187068	1	276	276	https://godot.date/id/vESaDezTwGJnt2cAttpSc9
Probus	https://www.wikidata.org/wiki/Q187068	2	276	277	https://godot.date/id/GAGavUUz5Gcdk7kLF5m7MH
Probus	https://www.wikidata.org/wiki/Q187068	3	277	278	https://godot.date/id/hSPuQ8rsFcAXAgUdavZFDP
Probus	https://www.wikidata.org/wiki/Q187068	4	278	279	https://godot.date/id/XpLpax6aUyiaFyjQFxzgE5
Probus	https://www.wikidata.org/wiki/Q187068	5	279	280	https://godot.date/id/8CGGWiC67GMRfTHxzEoJSN
Probus	https://www.wikidata.org/wiki/Q187068	6	280	281	https://godot.date/id/yq2UJqgXT5YoeFMiVV7ZfF
Probus	https://www.wikidata.org/wiki/Q187068	7	281	282	https://godot.date/id/GhxyQy8Gq7sA2YTbSxABxc
Carus	https://www.wikidata.org/wiki/Q187004	1	282	282	https://godot.date/id/5qZwAntzTzngZyuQrUQRvK
Carus	https://www.wikidata.org/wiki/Q187004	2	282	283	https://godot.date/id/T5eJWJjEMujdwexFcNNVpJ
Carinus	https://www.wikidata.org/wiki/Q190097	1	283	283	https://godot.date/id/wme7pM4pVUTQWWG62wHpp7
Carinus	https://www.wikidata.org/wiki/Q190097	2	283	284	https://godot.date/id/tU94aRuhRyEnNqW6WHm7gm
Carinus	https://www.wikidata.org/wiki/Q190097	3	284	285	https://godot.date/id/5WxFTinfVMgcykZjzd5ehH
Numerianus	https://www.wikidata.org/wiki/Q46821	1	283	283	https://godot.date/id/bwq5soq3YyzE3NMSeR9iFA
Numerianus	https://www.wikidata.org/wiki/Q46821	2	283	284	https://godot.date/id/XczUYrgXwah6LYdxDrHJKi
Diocletian	https://www.wikidata.org/wiki/Q43107	1	284	284	https://godot.date/id/rDxET2HWaPhfj3Pk5TsAnW
Diocletian	https://www.wikidata.org/wiki/Q43107	2	284	285	https://godot.date/id/bpYbYhM7AAxdt2H7osHgbF
Diocletian	https://www.wikidata.org/wiki/Q43107	3	285	286	https://godot.date/id/K6Uq5MrE9gJWruJaR95Dc4
Diocletian	https://www.wikidata.org/wiki/Q43107	4	286	287	https://godot.date/id/fQVP92cpWcrLGaBwf2YwGh
Diocletian	https://www.wikidata.org/wiki/Q43107	5	287	288	https://godot.date/id/CbzztbjR4eY25xsYE7hP5Q
Diocletian	https://www.wikidata.org/wiki/Q43107	6	288	289	https://godot.date/id/ooReaFq4EF2CUaWEKBPPBn
Diocletian	https://www.wikidata.org/wiki/Q43107	7	289	290	https://godot.date/id/Q7aZB6yavKpvAHWua5TkvW
Diocletian	https://www.wikidata.org/wiki/Q43107	8	290	291	https://godot.date/id/DCRTbEqdPoRM46DNrFftse
Diocletian	https://www.wikidata.org/wiki/Q43107	9	291	292	https://godot.date/id/yV5cAa7yyE9Ce46kNR4Hy3
Diocletian	https://www.wikidata.org/wiki/Q43107	10	292	293	https://godot.date/id/PAuzGZhrsaqFYR7exZimxJ
Diocletian	https://www.wikidata.org/wiki/Q43107	11	293	294	https://godot.date/id/SJzhhCHuwKDePTH8Jx5HAf
Diocletian	https://www.wikidata.org/wiki/Q43107	12	294	295	https://godot.date/id/dK9CP4eVBp4qRuyDpSdBei
Diocletian	https://www.wikidata.org/wiki/Q43107	13	295	296	https://godot.date/id/iLGi7jx9Seji7qCpEmKWN4
Diocletian	https://www.wikidata.org/wiki/Q43107	14	296	297	https://godot.date/id/K9Vqf6Ecq74vn98Vb9XvJ8
Diocletian	https://www.wikidata.org/wiki/Q43107	15	297	298	https://godot.date/id/tSvdiF5AVmfgLPWDRLKdEb
Diocletian	https://www.wikidata.org/wiki/Q43107	16	298	299	https://godot.date/id/ZPrB72fRzgei439VXL3uLU
Diocletian	https://www.wikidata.org/wiki/Q43107	17	299	300	https://godot.date/id/f8ea7UTjXN7apoQk4sQooL
Diocletian	https://www.wikidata.org/wiki/Q43107	18	300	301	https://godot.date/id/tVhGa7bU3CcW8xasd8mUD9
Diocletian	https://www.wikidata.org/wiki/Q43107	19	301	302	https://godot.date/id/f6G3XSv65qeAeoSXGuaGbJ
Diocletian	https://www.wikidata.org/wiki/Q43107	20	302	303	https://godot.date/id/rnN9pu3myyScfACDQua7wC
Diocletian	https://www.wikidata.org/wiki/Q43107	21	303	304	https://godot.date/id/RXccDtMsAwedPbebwuEWEF
Diocletian	https://www.wikidata.org/wiki/Q43107	22	304	305	https://godot.date/id/WvpbMBNebgqJNnRP2JuSJW
Maximian	https://www.wikidata.org/wiki/Q46768	1	286	286	https://godot.date/id/PiGx6NBRg22AT2rhKYh86a
Maximian	https://www.wikidata.org/wiki/Q46768	2	286	287	https://godot.date/id/NAT8NWMDLD4beqnE3eTCeF
Maximian	https://www.wikidata.org/wiki/Q46768	3	287	288	https://godot.date/id/w4SudT4PvgkufdxqfVvScb
Maximian	https://www.wikidata.org/wiki/Q46768	4	288	289	https://godot.date/id/NLViLbHP6Uu4b7ggtM2uU8
Maximian	https://www.wikidata.org/wiki/Q46768	5	289	290	https://godot.date/id/3ZdYFNU2yTkYqPiPDMJkcG
Maximian	https://www.wikidata.org/wiki/Q46768	6	290	291	https://godot.date/id/hNTj2v654mDPvC4VgC5HqW
Maximian	https://www.wikidata.org/wiki/Q46768	7	291	292	https://godot.date/id/afAiAfRmNQYSBDf2JHdh5b
Maximian	https://www.wikidata.org/wiki/Q46768	8	292	293	https://godot.date/id/TfWmz5wxfjYyqdWGzYzkab
Maximian	https://www.wikidata.org/wiki/Q46768	9	293	293	https://godot.date/id/7qE4ZVDag4nxyxTV8SPSYm
Maximian	https://www.wikidata.org/wiki/Q46768	10	293	294	https://godot.date/id/EKX2aDng4h5uSe5sv6QVcY
Maximian	https://www.wikidata.org/wiki/Q46768	11	294	295	https://godot.date/id/fNCGhat48GWAeVYdhacGuB
Maximian	https://www.wikidata.org/wiki/Q46768	12	295	296	https://godot.date/id/Di8SFc6v3g98xBKHGmX3J9
Maximian	https://www.wikidata.org/wiki/Q46768	13	296	297	https://godot.date/id/oohNbMqGsX66nt6Q4RxwQn
Maximian	https://www.wikidata.org/wiki/Q46768	14	297	298	https://godot.date/id/kNw7sxcB4Sutm567dHnAjZ
Maximian	https://www.wikidata.org/wiki/Q46768	15	298	299	https://godot.date/id/aQBGkC77YToBcm6HNbgadT
Maximian	https://www.wikidata.org/wiki/Q46768	16	299	300	https://godot.date/id/avs3qAEBEdtaUQgA45P5Fi
Maximian	https://www.wikidata.org/wiki/Q46768	17	300	301	https://godot.date/id/G68nqYEdErJDFiSANQTdE3
Maximian	https://www.wikidata.org/wiki/Q46768	18	301	302	https://godot.date/id/VTtpu8FCPRDuXZ3mSciizD
Maximian	https://www.wikidata.org/wiki/Q46768	19	302	303	https://godot.date/id/38UB2boXTiDY6Wpd9bWgHN
Maximian	https://www.wikidata.org/wiki/Q46768	20	303	304	https://godot.date/id/qy529cdqitDNNmvSkZL9UF
Maximian	https://www.wikidata.org/wiki/Q46768	21	304	305	https://godot.date/id/uiANnGAAqmATSWXBaWqyxe
Constantius I	https://www.wikidata.org/wiki/Q131195	1	293	293	https://godot.date/id/jHLj8MQyfquG575ZExXcnF
Constantius I	https://www.wikidata.org/wiki/Q131195	2	293	294	https://godot.date/id/bbQhzdyoec6JncDxE7ZFJf
Constantius I	https://www.wikidata.org/wiki/Q131195	3	294	295	https://godot.date/id/6omUKTi9QYbNoyj6tLyCe3
Constantius I	https://www.wikidata.org/wiki/Q131195	4	295	296	https://godot.date/id/tQkNPeNuoasUTqJgGHZXGS
Constantius I	https://www.wikidata.org/wiki/Q131195	5	296	297	https://godot.date/id/HtcJoRxM8pni3XZrrzfpr6
Constantius I	https://www.wikidata.org/wiki/Q131195	6	297	298	https://godot.date/id/82KcPfveQMYdkRTF2DyGJJ
Constantius I	https://www.wikidata.org/wiki/Q131195	7	298	299	https://godot.date/id/DNPQ2wJSRqoTiFuLj6jhEG
Constantius I	https://www.wikidata.org/wiki/Q131195	8	299	300	https://godot.date/id/gtjLkgC6SG6Cjd8eNxB4vH
Constantius I	https://www.wikidata.org/wiki/Q131195	9	300	301	https://godot.date/id/aCxBpQfobqWuvPTYio9o7F
Constantius I	https://www.wikidata.org/wiki/Q131195	10	301	302	https://godot.date/id/w2PX9LNbMpdKwNXndLGdaa
Constantius I	https://www.wikidata.org/wiki/Q131195	11	302	303	https://godot.date/id/B973haXqpMwA96nRmatELB
Constantius I	https://www.wikidata.org/wiki/Q131195	12	303	304	https://godot.date/id/rgNHYLL99pJiYr95kC8ZuB
Constantius I	https://www.wikidata.org/wiki/Q131195	13	304	305	https://godot.date/id/JD4SjH3QRj4nnBqDvBQJrh
Constantius I	https://www.wikidata.org/wiki/Q131195	14	305	306	https://godot.date/id/5JW99omyaifQTvaLXrJqji
Galerius	https://www.wikidata.org/wiki/Q172168	1	293	293	https://godot.date/id/aaxEQoTWVNtCLGje5udR6e
Galerius	https://www.wikidata.org/wiki/Q172168	2	293	294	https://godot.date/id/HoicSbum5qFEBzgwZ7KWwB
Galerius	https://www.wikidata.org/wiki/Q172168	3	294	295	https://godot.date/id/zCrnxjdERsR5utx2FbhVGS
Galerius	https://www.wikidata.org/wiki/Q172168	4	295	296	https://godot.date/id/oi5E8Hv6RvoBNT4tCSqEgX
Galerius	https://www.wikidata.org/wiki/Q172168	5	296	297	https://godot.date/id/2LhWhLpQgdb2rGxbLvAbdM
Galerius	https://www.wikidata.org/wiki/Q172168	6	297	298	https://godot.date/id/9C2TbuPsVQnJz97BURQm2R
Galerius	https://www.wikidata.org/wiki/Q172168	7	298	299	https://godot.date/id/XG79sYeUEDjnUzWzyK8pc6
Galerius	https://www.wikidata.org/wiki/Q172168	8	299	300	https://godot.date/id/gbMAy8iJiLM7iNhbEiXVR4
Galerius	https://www.wikidata.org/wiki/Q172168	9	300	301	https://godot.date/id/sbxnPJsweAUNCbZ8zcpBFU
Galerius	https://www.wikidata.org/wiki/Q172168	10	301	302	https://godot.date/id/NqmkmJPK2YNDZPz9vuG7VF
Galerius	https://www.wikidata.org/wiki/Q172168	11	302	303	https://godot.date/id/UfLPf6SV4DG4yfEVPMaQh2
Galerius	https://www.wikidata.org/wiki/Q172168	12	303	304	https://godot.date/id/qmiaUfuHR6xeLcrw4VwLhC
Galerius	https://www.wikidata.org/wiki/Q172168	13	304	305	https://godot.date/id/ef62t778zNsjrmSHLyKmrR
Galerius	https://www.wikidata.org/wiki/Q172168	14	305	305	https://godot.date/id/qiZdhBXcthvmvZ5YJAHfeU
Galerius	https://www.wikidata.org/wiki/Q172168	15	305	306	https://godot.date/id/qhm6gfuFYjfwNzD7uqiS2H
Galerius	https://www.wikidata.org/wiki/Q172168	16	306	307	https://godot.date/id/R5iJQL7y4uPizPuvdXSdS6
Galerius	https://www.wikidata.org/wiki/Q172168	17	307	308	https://godot.date/id/JKzh5tCgRsHu268TbaFkoQ
Galerius	https://www.wikidata.org/wiki/Q172168	18	308	309	https://godot.date/id/upW8dxUbYXAJLckVHYw4PZ
Galerius	https://www.wikidata.org/wiki/Q172168	19	309	310	https://godot.date/id/btjNzrBm7amBbVpE2mqhi7
Galerius	https://www.wikidata.org/wiki/Q172168	20	310	311	https://godot.date/id/jyCAVzJCvD5B83aRPUyPf3
Maxentius	https://www.wikidata.org/wiki/Q182070	1	307	307	https://godot.date/id/HDjjqsuqK2eP6WeqMucQME
Maxentius	https://www.wikidata.org/wiki/Q182070	2	307	308	https://godot.date/id/3hFrh5Q5hRLZqjhsZ4hve3
Maxentius	https://www.wikidata.org/wiki/Q182070	3	308	309	https://godot.date/id/RtWw7iVqMumftHZMvhD2J5
Maxentius	https://www.wikidata.org/wiki/Q182070	4	309	310	https://godot.date/id/D2pwLurX3sXXDfqoyBQhUj
Maxentius	https://www.wikidata.org/wiki/Q182070	5	310	311	https://godot.date/id/LHE4Tr6woiSsHvAhDrQiVV
Maxentius	https://www.wikidata.org/wiki/Q182070	6	311	312	https://godot.date/id/nCCcoi2hLGZen3WiZYR3im
Licinius	https://www.wikidata.org/wiki/Q184549	1	308	308	https://godot.date/id/iWxFeDWJCKTGcvwdT2tHjX
Licinius	https://www.wikidata.org/wiki/Q184549	2	308	309	https://godot.date/id/mfL9wuQY8ELaRcKgJEtkjc
Licinius	https://www.wikidata.org/wiki/Q184549	3	309	310	https://godot.date/id/8FwaiwKhnCCkoKMUrUvt9U
Licinius	https://www.wikidata.org/wiki/Q184549	4	310	311	https://godot.date/id/BxQuSKFKLeDxNR6CbQgckT
Licinius	https://www.wikidata.org/wiki/Q184549	5	311	312	https://godot.date/id/mPvhUcLZshCPVeWPm6RNEH
Licinius	https://www.wikidata.org/wiki/Q184549	6	312	313	https://godot.date/id/7ihkpTTnJcgz86X2RP796T
Licinius	https://www.wikidata.org/wiki/Q184549	7	313	314	https://godot.date/id/TL29H762SSWSN8bAA5nWeM
Licinius	https://www.wikidata.org/wiki/Q184549	8	314	315	https://godot.date/id/LLq2QrZX4vQoQ8d9LMXszK
Licinius	https://www.wikidata.org/wiki/Q184549	9	315	316	https://godot.date/id/YYKkUTKn4edZZe5GFXaSY6
Licinius	https://www.wikidata.org/wiki/Q184549	10	316	317	https://godot.date/id/TwcZkyeBj6izJV6SnECpSe
Licinius	https://www.wikidata.org/wiki/Q184549	11	317	318	https://godot.date/id/bKycYyziUqs7CBSH5qV2rk
Licinius	https://www.wikidata.org/wiki/Q184549	12	318	319	https://godot.date/id/j3WvrPJcsLeyBtdHJViqCg
Licinius	https://www.wikidata.org/wiki/Q184549	13	319	320	https://godot.date/id/9kVYgN4gC9HwkUo3sj9uJm
Licinius	https://www.wikidata.org/wiki/Q184549	14	320	321	https://godot.date/id/VRb6jte65vH7GW5nLENyE4
Licinius	https://www.wikidata.org/wiki/Q184549	15	321	322	https://godot.date/id/4xebHKipd2aFAQBScBhxaG
Licinius	https://www.wikidata.org/wiki/Q184549	16	322	323	https://godot.date/id/Pfxaso8VBmwXTq4StJTX2Y
Licinius	https://www.wikidata.org/wiki/Q184549	17	323	324	https://godot.date/id/uJ4xBwrPHKQDyCYwyAcbhX
Constantin I	https://www.wikidata.org/wiki/Q8413	1	306	306	https://godot.date/id/uggkNEWFDYAswgwL2TT3BQ
Constantin I	https://www.wikidata.org/wiki/Q8413	2	306	307	https://godot.date/id/DJZQxuBbGRKALeEhY5aNZJ
Constantin I	https://www.wikidata.org/wiki/Q8413	3	307	307	https://godot.date/id/FpFDH6wBhhr9EAkfgeZCs9
Constantin I	https://www.wikidata.org/wiki/Q8413	4	307	308	https://godot.date/id/4wcihuERd32ZCMrWvRmhMc
Constantin I	https://www.wikidata.org/wiki/Q8413	5	308	309	https://godot.date/id/Sne8YxW5U67UQnhfNNJMN7
Constantin I	https://www.wikidata.org/wiki/Q8413	6	309	310	https://godot.date/id/zsvM9aErg8GYoieVF9PkL5
Constantin I	https://www.wikidata.org/wiki/Q8413	7	310	311	https://godot.date/id/oGf5VAnroXHeeHS32Fb5wJ
Constantin I	https://www.wikidata.org/wiki/Q8413	8	311	312	https://godot.date/id/nrx46tfWGM5wPe4Cc5yGu9
Constantin I	https://www.wikidata.org/wiki/Q8413	9	312	313	https://godot.date/id/6wbxuqqgedgdAWpaYNaSQ8
Constantin I	https://www.wikidata.org/wiki/Q8413	10	313	314	https://godot.date/id/FYLX9T6w7bGMJDatbcj2aP
Constantin I	https://www.wikidata.org/wiki/Q8413	11	314	315	https://godot.date/id/rDKDED98SefpGcp5fGs6z2
Constantin I	https://www.wikidata.org/wiki/Q8413	12	315	316	https://godot.date/id/WG8Jk4FxWrtgcdVNrL9x7X
Constantin I	https://www.wikidata.org/wiki/Q8413	13	316	317	https://godot.date/id/f4sYqbvERJCxGqNPKQSfkf
Constantin I	https://www.wikidata.org/wiki/Q8413	14	317	318	https://godot.date/id/nwyk24FhWZ6YJvuyJDGpxA
Constantin I	https://www.wikidata.org/wiki/Q8413	15	318	319	https://godot.date/id/JvP7fXAxm3ADs8BErG7hmc
Constantin I	https://www.wikidata.org/wiki/Q8413	16	319	320	https://godot.date/id/QMBrBzUnDrh4XCh3yTfpTj
Constantin I	https://www.wikidata.org/wiki/Q8413	17	320	321	https://godot.date/id/NxpPpGVfvpbzef3iTfTea9
Constantin I	https://www.wikidata.org/wiki/Q8413	18	321	322	https://godot.date/id/k7LQsomRQk6DCbnYCXjmgd
Constantin I	https://www.wikidata.org/wiki/Q8413	19	322	323	https://godot.date/id/45rDCcHLWetPENcrXPRUGZ
Constantin I	https://www.wikidata.org/wiki/Q8413	20	323	324	https://godot.date/id/hFFEWQYFBtVcNaqRs6dXJB
Constantin I	https://www.wikidata.org/wiki/Q8413	21	324	325	https://godot.date/id/Ro2niK9Eg9j4rCWCriqxC2
Constantin I	https://www.wikidata.org/wiki/Q8413	22	325	326	https://godot.date/id/GmUnBVo8JJKNSPC9YaxBBW
Constantin I	https://www.wikidata.org/wiki/Q8413	23	326	327	https://godot.date/id/FgYsPUXHGpwdSNo8G5QGqb
Constantin I	https://www.wikidata.org/wiki/Q8413	24	327	328	https://godot.date/id/chPUtDMNSh2TPRGfioABtR
Constantin I	https://www.wikidata.org/wiki/Q8413	25	328	329	https://godot.date/id/zdoMSg9kD8KsgHhmwS8Mqe
Constantin I	https://www.wikidata.org/wiki/Q8413	26	329	330	https://godot.date/id/QieUJWwn9n6cYEy2kZeCVh
Constantin I	https://www.wikidata.org/wiki/Q8413	27	330	331	https://godot.date/id/yKQ3AxbWZgksfsbpCjas4c
Constantin I	https://www.wikidata.org/wiki/Q8413	28	331	332	https://godot.date/id/6QKQErw4Dsin6gGEiXjpuA
Constantin I	https://www.wikidata.org/wiki/Q8413	29	332	333	https://godot.date/id/jp8cftyyarxA7t6oku4erY
Constantin I	https://www.wikidata.org/wiki/Q8413	30	333	334	https://godot.date/id/9oPs7jhFRUGs7fqAGUMcNc
Constantin I	https://www.wikidata.org/wiki/Q8413	31	334	335	https://godot.date/id/RKtzinMPcGHReJDDRmnqKB
Constantin I	https://www.wikidata.org/wiki/Q8413	32	335	336	https://godot.date/id/DRw8qz48HSDE9NS7TCXXCc
Constantin I	https://www.wikidata.org/wiki/Q8413	33	336	337	https://godot.date/id/jWfmn5dByXEvvVNDXzJrHK
Constantius II	https://www.wikidata.org/wiki/Q46418	1	324	324	https://godot.date/id/nfekQB7DdrGdQS4wvTRD82
Constantius II	https://www.wikidata.org/wiki/Q46418	2	324	325	https://godot.date/id/Ds88jtWuYxF3qYWyChUuum
Constantius II	https://www.wikidata.org/wiki/Q46418	3	325	326	https://godot.date/id/2UfjpdAy8ScLCuu8nyjD7i
Constantius II	https://www.wikidata.org/wiki/Q46418	4	326	327	https://godot.date/id/AySp9HrsY9vcw7th2ntbUM
Constantius II	https://www.wikidata.org/wiki/Q46418	5	327	328	https://godot.date/id/K32tCC7P3ge2tJVy4jjRH2
Constantius II	https://www.wikidata.org/wiki/Q46418	6	328	329	https://godot.date/id/2A84wYHhk949r8NMNKtPfU
Constantius II	https://www.wikidata.org/wiki/Q46418	7	329	330	https://godot.date/id/hSmTTAcp5jiTidjfMrrJ4S
Constantius II	https://www.wikidata.org/wiki/Q46418	8	330	331	https://godot.date/id/CXrEHUvG2PQt5vrR5R5nBo
Constantius II	https://www.wikidata.org/wiki/Q46418	9	331	332	https://godot.date/id/dPbXTzBKuFbRY83NsLUr2H
Constantius II	https://www.wikidata.org/wiki/Q46418	10	332	333	https://godot.date/id/2gv28h9iPn2SWUVTFTUARE
Constantius II	https://www.wikidata.org/wiki/Q46418	11	333	334	https://godot.date/id/KjMj5YyFKKbBeXza4gzFdQ
Constantius II	https://www.wikidata.org/wiki/Q46418	12	334	335	https://godot.date/id/ErHf9Y4CrNM3xAkYadkhTH
Constantius II	https://www.wikidata.org/wiki/Q46418	13	335	336	https://godot.date/id/4jBfCFL9XvqLBGsRcQ6x3j
Constantius II	https://www.wikidata.org/wiki/Q46418	14	336	337	https://godot.date/id/rQKs4ZaGsS7frVeyNTb3rj
Constantius II	https://www.wikidata.org/wiki/Q46418	15	337	337	https://godot.date/id/U8uXQbcVzLNrVkL3PFYA59
Constantius II	https://www.wikidata.org/wiki/Q46418	16	337	338	https://godot.date/id/c6rVZdKQYJL4qr4yQrWZ9A
Constantius II	https://www.wikidata.org/wiki/Q46418	17	338	339	https://godot.date/id/vAhRp7CWm27iDuJkNS7ejH
Constantius II	https://www.wikidata.org/wiki/Q46418	18	339	340	https://godot.date/id/6wEJqHHsFg45Z24nj3Bg7W
Constantius II	https://www.wikidata.org/wiki/Q46418	19	340	341	https://godot.date/id/A8ofB3mmhyKR8BwTARkYu7
Constantius II	https://www.wikidata.org/wiki/Q46418	20	341	342	https://godot.date/id/RkFJDTRZhnAMbfE8FH2YmF
Constantius II	https://www.wikidata.org/wiki/Q46418	21	342	343	https://godot.date/id/cgSP7NSkk7P26zgSsCQiPf
Constantius II	https://www.wikidata.org/wiki/Q46418	22	343	344	https://godot.date/id/tVwh56NrYbQL8c2ZF64Vee
Constantius II	https://www.wikidata.org/wiki/Q46418	23	344	345	https://godot.date/id/E8WKTChHNMfVXLc7qfjsCE
Constantius II	https://www.wikidata.org/wiki/Q46418	24	345	346	https://godot.date/id/kcVdajrx6FaNYCJpqivBEP
Constantius II	https://www.wikidata.org/wiki/Q46418	25	346	347	https://godot.date/id/sgeCKHMSASovLERMBUc6BY
Constantius II	https://www.wikidata.org/wiki/Q46418	26	347	348	https://godot.date/id/Z5RYykkc4xcEbGJZj8sgeT
Constantius II	https://www.wikidata.org/wiki/Q46418	27	348	349	https://godot.date/id/BmUfv3Jvuefw8kum7p6EFk
Constantius II	https://www.wikidata.org/wiki/Q46418	28	349	350	https://godot.date/id/UbzGby7p9zfwrFTSaTch3o
Constantius II	https://www.wikidata.org/wiki/Q46418	29	350	351	https://godot.date/id/cqSHCWZpSaw32vttid83ic
Constantius II	https://www.wikidata.org/wiki/Q46418	30	351	352	https://godot.date/id/VcZ3eXj59jEbwKm5SYGHrR
Constantius II	https://www.wikidata.org/wiki/Q46418	31	352	353	https://godot.date/id/nDNr7Af7ujDs2Re3PDNQ6f
Constantius II	https://www.wikidata.org/wiki/Q46418	32	353	354	https://godot.date/id/4wjQzRMjLktdsZnt3vgDHk
Constantius II	https://www.wikidata.org/wiki/Q46418	33	354	355	https://godot.date/id/GaUkLAoHb8jsg8DHA9jqY6
Constantius II	https://www.wikidata.org/wiki/Q46418	34	355	356	https://godot.date/id/K4QyJ3uG9Jazyw2VV6xe9a
Constantius II	https://www.wikidata.org/wiki/Q46418	35	356	357	https://godot.date/id/su7n86TRsizNVBAcHem8YS
Constantius II	https://www.wikidata.org/wiki/Q46418	36	357	358	https://godot.date/id/DyFdFbKzxPggzchBzokv25
Constantius II	https://www.wikidata.org/wiki/Q46418	37	358	359	https://godot.date/id/MijQfXBeUhMRHmhqzoicHW
Constantius II	https://www.wikidata.org/wiki/Q46418	38	359	360	https://godot.date/id/t8hyV34CEcKo5K4gjVGn5Q
Constantius II	https://www.wikidata.org/wiki/Q46418	39	360	361	https://godot.date/id/wNxga6MPtxUWV9fpmER86H
Valentinian I	https://www.wikidata.org/wiki/Q46720	1	364	364	https://godot.date/id/qpT3G4aNRMokXn9fRFyAAb
Valentinian I	https://www.wikidata.org/wiki/Q46720	2	364	365	https://godot.date/id/ZGQ46LQncosCRbbUHrhonG
Valentinian I	https://www.wikidata.org/wiki/Q46720	3	365	366	https://godot.date/id/7HaUYHUxcUSo5JUpKgeKaa
Valentinian I	https://www.wikidata.org/wiki/Q46720	4	366	367	https://godot.date/id/GxEu8NrvQLsfstc6KfdRAg
Valentinian I	https://www.wikidata.org/wiki/Q46720	5	367	368	https://godot.date/id/rLTkDFVLZEFdqp5wxHqcCh
Valentinian I	https://www.wikidata.org/wiki/Q46720	6	368	369	https://godot.date/id/reuK6HoRd6Po326sUkUTuE
Valentinian I	https://www.wikidata.org/wiki/Q46720	7	369	370	https://godot.date/id/PzQ2gk4mpWeQ9qg4UmfGHn
Valentinian I	https://www.wikidata.org/wiki/Q46720	8	370	371	https://godot.date/id/tWN8QnY7N6p5ZWqvEAKJSc
Valentinian I	https://www.wikidata.org/wiki/Q46720	9	371	372	https://godot.date/id/FDH28e8nQeqnZSojf7hwVH
Valentinian I	https://www.wikidata.org/wiki/Q46720	10	372	373	https://godot.date/id/3TG6DdbuQHqbwNJiKtCfX6
Valentinian I	https://www.wikidata.org/wiki/Q46720	11	373	374	https://godot.date/id/MXp6yE5AiUzPTpqMNaWTjN
Valentinian I	https://www.wikidata.org/wiki/Q46720	12	374	375	https://godot.date/id/5QaacPdJsXzCnwsuTa9HV6
Valens	https://www.wikidata.org/wiki/Q172471	1	364	364	https://godot.date/id/YCszPoacAikJGFkDXte4Q8
Valens	https://www.wikidata.org/wiki/Q172471	2	364	365	https://godot.date/id/87G2gti6qJxujgV6uqfBAm
Valens	https://www.wikidata.org/wiki/Q172471	3	365	366	https://godot.date/id/rCTmgGSbrU5ke6vktFqd23
Valens	https://www.wikidata.org/wiki/Q172471	4	366	367	https://godot.date/id/A5RTTBpN8dYcg5Y9Ez6zwU
Valens	https://www.wikidata.org/wiki/Q172471	5	367	368	https://godot.date/id/V9sysVVNCxqxL3Jnspy8KH
Valens	https://www.wikidata.org/wiki/Q172471	6	368	369	https://godot.date/id/7EqwXMzh8kZDCJniCAKUxk
Valens	https://www.wikidata.org/wiki/Q172471	7	369	370	https://godot.date/id/Rw6nMwkqVTpoaNUaMfzBem
Valens	https://www.wikidata.org/wiki/Q172471	8	370	371	https://godot.date/id/ZutVCpYbpfuYZgAF9njLje
Valens	https://www.wikidata.org/wiki/Q172471	9	371	372	https://godot.date/id/nAc9UpCHmdBMGfj53p7yGP
Valens	https://www.wikidata.org/wiki/Q172471	10	372	373	https://godot.date/id/jtbM78zsedQgukjHokqc4M
Valens	https://www.wikidata.org/wiki/Q172471	11	373	374	https://godot.date/id/v4n2VDyyRU5foZkkBHhxA3
Valens	https://www.wikidata.org/wiki/Q172471	12	374	375	https://godot.date/id/UnG7x9SWBNDZpCpWze4p5W
Valens	https://www.wikidata.org/wiki/Q172471	13	375	376	https://godot.date/id/yh7LLz8CCdGSK8uMMjCS4k
Valens	https://www.wikidata.org/wiki/Q172471	14	376	377	https://godot.date/id/NEndNXEe483Gbgnykf5HKV
Valens	https://www.wikidata.org/wiki/Q172471	15	377	378	https://godot.date/id/eJz8SbNdLFehUxPKMEatuF
Gratian	https://www.wikidata.org/wiki/Q189108	1	367	367	https://godot.date/id/VTCw8634tJo9zkgFbVmAiB
Gratian	https://www.wikidata.org/wiki/Q189108	2	367	368	https://godot.date/id/KRH32SmkJo2tukADh4RhAf
Gratian	https://www.wikidata.org/wiki/Q189108	3	368	369	https://godot.date/id/cDFkQnPCEgLTEBaqY34RoD
Gratian	https://www.wikidata.org/wiki/Q189108	4	369	370	https://godot.date/id/Y58C2JwenqzFvshQ7cgfr4
Gratian	https://www.wikidata.org/wiki/Q189108	5	370	371	https://godot.date/id/y3LMymua8inqW9tWuBMyZH
Gratian	https://www.wikidata.org/wiki/Q189108	6	371	372	https://godot.date/id/bzyXo986HqeXebpeSKQa74
Gratian	https://www.wikidata.org/wiki/Q189108	7	372	373	https://godot.date/id/uDdWQZAEhEkvRdt6iNB2ji
Gratian	https://www.wikidata.org/wiki/Q189108	8	373	374	https://godot.date/id/ox3HY27zFzsYyJagMPonSH
Gratian	https://www.wikidata.org/wiki/Q189108	9	374	375	https://godot.date/id/tJGTYzFzDbDwGisvwwQLPg
Gratian	https://www.wikidata.org/wiki/Q189108	10	375	376	https://godot.date/id/mV76FiZK5NTB9DHzvyrFDh
Gratian	https://www.wikidata.org/wiki/Q189108	11	376	377	https://godot.date/id/65wZw9rvhAXzAocg4VvQUb
Gratian	https://www.wikidata.org/wiki/Q189108	12	377	378	https://godot.date/id/y65wmJzuaXcXd7XEfotVE9
Gratian	https://www.wikidata.org/wiki/Q189108	13	378	379	https://godot.date/id/72r7kkEVZ3nN5BNNkqyPHW
Gratian	https://www.wikidata.org/wiki/Q189108	14	379	380	https://godot.date/id/3a7Mamhgy37P9PF6Lg7Hvb
Gratian	https://www.wikidata.org/wiki/Q189108	15	380	381	https://godot.date/id/T6wcPHLGKCFuUYrXzTQTx9
Gratian	https://www.wikidata.org/wiki/Q189108	16	381	382	https://godot.date/id/JCpTMaCeTU9eGZTTgqB8Y6
Gratian	https://www.wikidata.org/wiki/Q189108	17	382	383	https://godot.date/id/ocAV3XTwHjw2SPg5dtEcZE