name	year	not_before	not_after	wikidata_uri	godot_uri
Ptolemaeus I	1	-0304-02-05	-0304-11-06	https://www.wikidata.org/wiki/Q168261	https://godot.date/id/nxpnUA8Rmm6LTcNnCmZDKo
Ptolemaeus I	2	-0304-11-07	-0303-11-06	https://www.wikidata.org/wiki/Q168261	https://godot.date/id/P4SDevVJSdfDnEm5uFedb2
Ptolemaeus I	3	-0303-11-07	-0302-11-06	https://www.wikidata.org/wiki/Q168261	https://godot.date/id/KfELPAy7La2xdRvxi3Hzud
Ptolemaeus I	4	-0302-11-07	-0301-11-05	https://www.wikidata.org/wiki/Q168261	https://godot.date/id/RxUgxfUogdGxABPEbrggzf
Ptolemaeus I	5	-0301-11-06	-0300-11-05	https://www.wikidata.org/wiki/Q168261	https://godot.date/id/aj5NCD5fTPUBm3vXhNFpYh
Ptolemaeus I	6	-0300-11-06	-0299-11-05	https://www.wikidata.org/wiki/Q168261	https://godot.date/id/ouSc5ANGkKZrTzLA7hZana
Ptolemaeus I	7	-0299-11-06	-0298-11-05	https://www.wikidata.org/wiki/Q168261	https://godot.date/id/HxEQ27DM8QCqapCjX3DBvD
Ptolemaeus I	8	-0298-11-06	-0297-11-04	https://www.wikidata.org/wiki/Q168261	https://godot.date/id/gUCnirJJWKtkXzbtfJEPRk
Ptolemaeus I	9	-0297-11-05	-0296-11-04	https://www.wikidata.org/wiki/Q168261	https://godot.date/id/XAEPYcAMJ2My2JCooWhhhb
Ptolemaeus I	10	-0296-11-05	-0295-11-04	https://www.wikidata.org/wiki/Q168261	https://godot.date/id/3zbK7bShGD7fguB4jy5jzE
Ptolemaeus I	11	-0295-11-05	-0294-11-04	https://www.wikidata.org/wiki/Q168261	https://godot.date/id/ncb9LYK6HLYN9sa8Ejkovg
Ptolemaeus I	12	-0294-11-05	-0293-11-03	https://www.wikidata.org/wiki/Q168261	https://godot.date/id/vuQwCU6iomqKTeU7kq5LMP
Ptolemaeus I	13	-0293-11-04	-0292-11-03	https://www.wikidata.org/wiki/Q168261	https://godot.date/id/VG6rfA4UnWcs6DcbsHHzGD
Ptolemaeus I	14	-0292-11-04	-0291-11-03	https://www.wikidata.org/wiki/Q168261	https://godot.date/id/s2AnfG53f4TR7cRVcRVJyS
Ptolemaeus I	15	-0291-11-04	-0290-11-03	https://www.wikidata.org/wiki/Q168261	https://godot.date/id/A36vnEKmEgsWFibX5GUhPX
Ptolemaeus I	16	-0290-11-04	-0289-11-02	https://www.wikidata.org/wiki/Q168261	https://godot.date/id/LuKagMQ46vMCQGWvHsZq4d
Ptolemaeus I	17	-0289-11-03	-0288-11-02	https://www.wikidata.org/wiki/Q168261	https://godot.date/id/BcQcVQtJUtyBDNkoQ37RTA
Ptolemaeus I	18	-0288-11-03	-0287-11-02	https://www.wikidata.org/wiki/Q168261	https://godot.date/id/A7SDgJ6Bdv5wYjXt3r6WuN
Ptolemaeus I	19	-0287-11-03	-0286-11-02	https://www.wikidata.org/wiki/Q168261	https://godot.date/id/yRMeJKca5utuJRjHzY983M
Ptolemaeus I	20	-0286-11-03	-0285-11-01	https://www.wikidata.org/wiki/Q168261	https://godot.date/id/Kdsz6Biun3TCnBjWJsWqCE
Ptolemaeus I	21	-0285-11-02	-0284-11-01	https://www.wikidata.org/wiki/Q168261	https://godot.date/id/AQfubVdda5PeZkuosfNguj
Ptolemaeus II	1	-0285-11-02	-0284-11-01	https://www.wikidata.org/wiki/Q39576	https://godot.date/id/SbTwvySdWfcRk9aiQJtrQV
Ptolemaeus I	22	-0284-11-02	-0283-11-01	https://www.wikidata.org/wiki/Q168261	https://godot.date/id/RMBtVkuyeCDpiuxX2WeAXH
Ptolemaeus II	2	-0284-11-02	-0283-11-01	https://www.wikidata.org/wiki/Q39576	https://godot.date/id/3zABqeXtiHc6YZFVMvUBdB
Ptolemaeus I	23	-0283-11-02	-0282-10-30	https://www.wikidata.org/wiki/Q168261	https://godot.date/id/dMehf4FiqP5DDCRh9fQJHD
Ptolemaeus II	3	-0283-11-02	-0282-11-01	https://www.wikidata.org/wiki/Q39576	https://godot.date/id/F4BAKCeoaAmbxHJkY8PVMQ
Ptolemaeus II	4	-0282-11-02	-0281-10-31	https://www.wikidata.org/wiki/Q39576	https://godot.date/id/5s5t96qJs2SVWWYAYVhuXj
Ptolemaeus II	5	-0281-11-01	-0280-10-31	https://www.wikidata.org/wiki/Q39576	https://godot.date/id/j8TsNoQTChGaHYMYza3wF4
Ptolemaeus II	6	-0280-11-01	-0279-10-31	https://www.wikidata.org/wiki/Q39576	https://godot.date/id/mUEpg6wSoqvNAcCpzxKDCm
Ptolemaeus II	7	-0279-11-01	-0278-10-31	https://www.wikidata.org/wiki/Q39576	https://godot.date/id/5MnZvHWNxUYB4pYmHWQWbK
Ptolemaeus II	8	-0278-11-01	-0277-10-30	https://www.wikidata.org/wiki/Q39576	https://godot.date/id/D3P6LfTXd5pnwxCDwhts9G
Ptolemaeus II	9	-0277-10-31	-0276-10-30	https://www.wikidata.org/wiki/Q39576	https://godot.date/id/PiCrWWji7ysaL2mjfuEajA
Ptolemaeus II	10	-0276-10-31	-0275-10-30	https://www.wikidata.org/wiki/Q39576	https://godot.date/id/K7bUEjdJBGzjBxvjEynYiX
Ptolemaeus II	11	-0275-10-31	-0274-10-30	https://www.wikidata.org/wiki/Q39576	https://godot.date/id/CryuJrxMWgRY7La7KTYoVR
Ptolemaeus II	12	-0274-10-31	-0273-10-29	https://www.wikidata.org/wiki/Q39576	https://godot.date/id/F35D8VrgSaBYUHzdGJ2fM9
Ptolemaeus II	13	-0273-10-30	-0272-10-29	https://www.wikidata.org/wiki/Q39576	https://godot.date/id/VfCcezoi8hUxKcjXAxonQg
Ptolemaeus II	14	-0272-10-30	-0271-10-29	https://www.wikidata.org/wiki/Q39576	https://godot.date/id/JThcY2eAahj4ThSMYANLZT
Ptolemaeus II	15	-0271-10-30	-0270-10-29	https://www.wikidata.org/wiki/Q39576	https://godot.date/id/5UU5WdiVtqUzSiM44pNrDe
Ptolemaeus II	16	-0270-10-30	-0269-10-28	https://www.wikidata.org/wiki/Q39576	https://godot.date/id/653dTyqmUX2naXBZ9nzBF4
Ptolemaeus II	17	-0269-10-29	-0268-10-28	https://www.wikidata.org/wiki/Q39576	https://godot.date/id/bPxWEbzsZoRjDZnyTM6DgN
Ptolemaeus II	18	-0268-10-29	-0267-10-28	https://www.wikidata.org/wiki/Q39576	https://godot.date/id/KbRrw5eZTnUeDfRE8CLq9d
Ptolemaeus II	19	-0267-10-29	-0266-10-28	https://www.wikidata.org/wiki/Q39576	https://godot.date/id/MXVAebagy2cHG9UVYzD4jd
Ptolemaeus II	20	-0266-10-29	-0265-10-27	https://www.wikidata.org/wiki/Q39576	https://godot.date/id/8r8XAqG6PzLzAiXmwhG2fM
Ptolemaeus II	21	-0265-10-28	-0264-10-27	https://www.wikidata.org/wiki/Q39576	https://godot.date/id/vcAiKoASz4DoWkPJ3NApVb
Ptolemaeus II	22	-0264-10-28	-0263-10-27	https://www.wikidata.org/wiki/Q39576	https://godot.date/id/ZhZp845opNpa6EycYRqxgK
Ptolemaeus II	23	-0263-10-28	-0262-10-27	https://www.wikidata.org/wiki/Q39576	https://godot.date/id/iM87AXwUxG34TZPydYakS4
Ptolemaeus II	24	-0262-10-28	-0261-10-26	https://www.wikidata.org/wiki/Q39576	https://godot.date/id/P4gfCRgiwZyRdSJqF8ik7S
Ptolemaeus II	25	-0261-10-27	-0260-10-26	https://www.wikidata.org/wiki/Q39576	https://godot.date/id/Gz7ZyaHJ3iYN53LiyhYMfd
Ptolemaeus II	26	-0260-10-27	-0259-10-26	https://www.wikidata.org/wiki/Q39576	https://godot.date/id/iK5jyKV95beYJyGYCn2FcS
Ptolemaeus II	27	-0259-10-27	-0258-10-26	https://www.wikidata.org/wiki/Q39576	https://godot.date/id/MLqiLRbt5n4yWGkzBJD5J3
Ptolemaeus II	28	-0258-10-27	-0257-10-25	https://www.wikidata.org/wiki/Q39576	https://godot.date/id/yb5sENB9aqP5oGcTLcmSKb
Ptolemaeus II	29	-0257-10-26	-0256-10-25	https://www.wikidata.org/wiki/Q39576	https://godot.date/id/snoScU3Mj45PD6t2xTr9tZ
Ptolemaeus II	30	-0256-10-26	-0255-10-25	https://www.wikidata.org/wiki/Q39576	https://godot.date/id/mPu4VPStZPDu8XfGFVeFCK
Ptolemaeus II	31	-0255-10-26	-0254-10-25	https://www.wikidata.org/wiki/Q39576	https://godot.date/id/Et6daVYt4onsR4cvgbQiyL
Ptolemaeus II	32	-0254-10-26	-0253-10-24	https://www.wikidata.org/wiki/Q39576	https://godot.date/id/cmkM22PUTth9CVg4uN7sJn
Ptolemaeus II	33	-0253-10-25	-0252-10-24	https://www.wikidata.org/wiki/Q39576	https://godot.date/id/FPgHsDXzJDyWySXd23kmcM
Ptolemaeus II	34	-0252-10-25	-0251-10-24	https://www.wikidata.org/wiki/Q39576	https://godot.date/id/QuvukhDv8VxQWYxKqURq9c
Ptolemaeus II	35	-0251-10-25	-0250-10-24	https://www.wikidata.org/wiki/Q39576	https://godot.date/id/JWt2fy5uy6hnadjJNP6wwM
Ptolemaeus II	36	-0250-10-25	-0249-10-23	https://www.wikidata.org/wiki/Q39576	https://godot.date/id/zBmtkHdNnBZb7NQjh7HPrZ
Ptolemaeus II	37	-0249-10-24	-0248-10-23	https://www.wikidata.org/wiki/Q39576	https://godot.date/id/Ky29ESKhdhVkjy6n8QDkx8
Ptolemaeus II	38	-0248-10-24	-0247-10-23	https://www.wikidata.org/wiki/Q39576	https://godot.date/id/v2UisWHc2qbggg5JtEUoXW
Ptolemaeus II	39	-0247-10-24	-0246-03-06	https://www.wikidata.org/wiki/Q39576	https://godot.date/id/zn6nmZPePkjgM4ww3KRowm
Ptolemaeus III	1	-0246-01-28	-0246-10-23	https://www.wikidata.org/wiki/Q39602	https://godot.date/id/8yT6VsUGcfbd8Jd4FKbVcT
Ptolemaeus III	2	-0246-10-24	-0245-10-22	https://www.wikidata.org/wiki/Q39602	https://godot.date/id/ethiS35MWPpdKCBs44iVnB
Ptolemaeus III	3	-0245-10-23	-0244-10-22	https://www.wikidata.org/wiki/Q39602	https://godot.date/id/MmAeJKdW2ynaFCVGqby82c
Ptolemaeus III	4	-0244-10-23	-0243-10-22	https://www.wikidata.org/wiki/Q39602	https://godot.date/id/TPvyHw5TdnSCrQMJb5bfgj
Ptolemaeus III	5	-0243-10-23	-0242-10-22	https://www.wikidata.org/wiki/Q39602	https://godot.date/id/rvPMyYvfwgX7DSDfEJxFZb
Ptolemaeus III	6	-0242-10-23	-0241-10-21	https://www.wikidata.org/wiki/Q39602	https://godot.date/id/eYQLdrj4o2Wer8zEse5Yof
Ptolemaeus III	7	-0241-10-22	-0240-10-21	https://www.wikidata.org/wiki/Q39602	https://godot.date/id/t4NVcD2RQUAXmbFzoxYVs3
Ptolemaeus III	8	-0240-10-22	-0239-10-21	https://www.wikidata.org/wiki/Q39602	https://godot.date/id/FxBDihbWFUJkjnZGDQEj9o
Ptolemaeus III	9	-0239-10-22	-0238-10-21	https://www.wikidata.org/wiki/Q39602	https://godot.date/id/LVVf9J4uhes8iH4ypHArKS
Ptolemaeus III	10	-0238-10-22	-0237-10-20	https://www.wikidata.org/wiki/Q39602	https://godot.date/id/45t3igDe4Bd8zh63uUFvtP
Ptolemaeus III	11	-0237-10-21	-0236-10-20	https://www.wikidata.org/wiki/Q39602	https://godot.date/id/2VUaxmBmDaFb8ryiL2XwC2
Ptolemaeus III	12	-0236-10-21	-0235-10-20	https://www.wikidata.org/wiki/Q39602	https://godot.date/id/Pzq8cFS3s3L8WCqcogDWrg
Ptolemaeus III	13	-0235-10-21	-0234-10-20	https://www.wikidata.org/wiki/Q39602	https://godot.date/id/tGertZLDYQzbXAzQtEQuvd
Ptolemaeus III	14	-0234-10-21	-0233-10-19	https://www.wikidata.org/wiki/Q39602	https://godot.date/id/UFh9W4HUWDWLyfxMRpVwgN
Ptolemaeus III	15	-0233-10-20	-0232-10-19	https://www.wikidata.org/wiki/Q39602	https://godot.date/id/udhkrx6yJd3uCmik3eV3KU
Ptolemaeus III	16	-0232-10-20	-0231-10-19	https://www.wikidata.org/wiki/Q39602	https://godot.date/id/rLmTGtWnWzcpdgPY5xuHwV
Ptolemaeus III	17	-0231-10-20	-0230-10-19	https://www.wikidata.org/wiki/Q39602	https://godot.date/id/mcQVFkrbrCeAm6YpZv4pyb
Ptolemaeus III	18	-0230-10-20	-0229-10-18	https://www.wikidata.org/wiki/Q39602	https://godot.date/id/HKhmHPn5sy9RcYnmGN84CZ
Ptolemaeus III	19	-0229-10-19	-0228-10-18	https://www.wikidata.org/wiki/Q39602	https://godot.date/id/7BhVd8EztBe5S7xXHtEZob
Ptolemaeus III	20	-0228-10-19	-0227-10-18	https://www.wikidata.org/wiki/Q39602	https://godot.date/id/SD6CyASA6gfZTmXBncQLhi
Ptolemaeus III	21	-0227-10-19	-0226-10-18	https://www.wikidata.org/wiki/Q39602	https://godot.date/id/i6k6i53fHZD3QkoqNU88Xc
Ptolemaeus III	22	-0226-10-19	-0225-10-17	https://www.wikidata.org/wiki/Q39602	https://godot.date/id/LUonyWQ9NpvdDcafkypT5H
Ptolemaeus III	23	-0225-10-18	-0224-10-17	https://www.wikidata.org/wiki/Q39602	https://godot.date/id/fiXZXPMNLwPF59W2AR6ts3
Ptolemaeus III	24	-0224-10-18	-0223-10-17	https://www.wikidata.org/wiki/Q39602	https://godot.date/id/rPoioCMBzcVgwVBZKTp6jG
Ptolemaeus III	25	-0223-10-18	-0222-10-17	https://www.wikidata.org/wiki/Q39602	https://godot.date/id/MLETuhguU9uwty7SzWEmFZ
Ptolemaeus III	26	-0222-10-18	-0221-02-14	https://www.wikidata.org/wiki/Q39602	https://godot.date/id/Tuvyk67F6LPQyyM2cGA5LY
Ptolemaeus IV	1	-0222-11-02	-0221-10-16	https://www.wikidata.org/wiki/Q39595	https://godot.date/id/h7QcBDEjeeCJdTyePbEXAU
Ptolemaeus IV	2	-0221-10-17	-0220-10-16	https://www.wikidata.org/wiki/Q39595	https://godot.date/id/7p7dijBHK7boBHbyeDwJgE
Ptolemaeus IV	3	-0220-10-17	-0219-10-16	https://www.wikidata.org/wiki/Q39595	https://godot.date/id/jb5EN7vLjK2rC8JZmSmt2F
Ptolemaeus IV	4	-0219-10-17	-0218-10-16	https://www.wikidata.org/wiki/Q39595	https://godot.date/id/ZgqkCJLvxdW2ozurdLb4kN
Ptolemaeus IV	5	-0218-10-17	-0217-10-15	https://www.wikidata.org/wiki/Q39595	https://godot.date/id/SKQSSvyKqrS6o2d6k3fTyL
Ptolemaeus IV	6	-0217-10-16	-0216-10-15	https://www.wikidata.org/wiki/Q39595	https://godot.date/id/YNBpUdNEbTNF3iXtwxizP6
Ptolemaeus IV	7	-0216-10-16	-0215-10-15	https://www.wikidata.org/wiki/Q39595	https://godot.date/id/CrqGeCvUYfUNDduGMKuX2j
Ptolemaeus IV	8	-0215-10-16	-0214-10-15	https://www.wikidata.org/wiki/Q39595	https://godot.date/id/DRWkFdXCRWEjAWFXZKHmFn
Ptolemaeus IV	9	-0214-10-16	-0213-10-14	https://www.wikidata.org/wiki/Q39595	https://godot.date/id/Dz7mnKTEkTFCwgXMTodJyK
Ptolemaeus IV	10	-0213-10-15	-0212-10-14	https://www.wikidata.org/wiki/Q39595	https://godot.date/id/xCQYpC8KRb4VzchNk3LsrY
Ptolemaeus IV	11	-0212-10-15	-0211-10-14	https://www.wikidata.org/wiki/Q39595	https://godot.date/id/ALEi3ty4FRJ4NwvNfndx6j
Ptolemaeus IV	12	-0211-10-15	-0210-10-14	https://www.wikidata.org/wiki/Q39595	https://godot.date/id/YEULFEFa428hx2BRXB5g9m
Ptolemaeus IV	13	-0210-10-15	-0209-10-13	https://www.wikidata.org/wiki/Q39595	https://godot.date/id/fG6S5z8hDkGurMQSnTphd9
Ptolemaeus IV	14	-0209-10-14	-0208-10-13	https://www.wikidata.org/wiki/Q39595	https://godot.date/id/q6gCGNq5cATUKu3gq2V3Ef
Ptolemaeus IV	15	-0208-10-14	-0207-10-13	https://www.wikidata.org/wiki/Q39595	https://godot.date/id/pxsKfngjf6CKC3Kk6Vc4c3
Ptolemaeus IV	16	-0207-10-14	-0206-10-13	https://www.wikidata.org/wiki/Q39595	https://godot.date/id/PLWTaByiRaofkbjaRSUrxS
Ptolemaeus IV	17	-0206-10-14	-0205-10-12	https://www.wikidata.org/wiki/Q39595	https://godot.date/id/J3ELpWDzhWzzdAXaYrfDQo
Ptolemaeus IV	18	-0205-10-13	-0204-09-07	https://www.wikidata.org/wiki/Q39595	https://godot.date/id/g6AvidHgKEgvtp7HzEe2CF
Ptolemaeus V	1	-0204-07-23	-0204-10-12	https://www.wikidata.org/wiki/Q39957	https://godot.date/id/EqUJXKeKuMX4h5f3Lvuyti
Ptolemaeus V	2	-0204-10-13	-0203-10-12	https://www.wikidata.org/wiki/Q39957	https://godot.date/id/PZv84pCZgsJdajqhy5nMYR
Ptolemaeus V	3	-0203-10-13	-0202-10-12	https://www.wikidata.org/wiki/Q39957	https://godot.date/id/nQKm8R2dXHMQHex2Qp6eXf
Ptolemaeus V	4	-0202-10-13	-0201-10-11	https://www.wikidata.org/wiki/Q39957	https://godot.date/id/7yd2JuzZrt6qAwHc5Gccwe
Ptolemaeus V	5	-0201-10-12	-0200-10-11	https://www.wikidata.org/wiki/Q39957	https://godot.date/id/x5ZsxhUxXG3b5rNiK9mP4Q
Ptolemaeus V	6	-0200-10-12	-0199-10-11	https://www.wikidata.org/wiki/Q39957	https://godot.date/id/t3Sw2CfZG6GvqAn9PDaSVj
Ptolemaeus V	7	-0199-10-12	-0198-10-11	https://www.wikidata.org/wiki/Q39957	https://godot.date/id/t6BtrjiwzccFzXdDKBhzj5
Ptolemaeus V	8	-0198-10-12	-0197-10-10	https://www.wikidata.org/wiki/Q39957	https://godot.date/id/uqcEStF2NHMqQQqDPr4AYb
Ptolemaeus V	9	-0197-10-11	-0196-10-10	https://www.wikidata.org/wiki/Q39957	https://godot.date/id/zGa9Tjtui6fChJr8qACnJn
Ptolemaeus V	10	-0196-10-11	-0195-10-10	https://www.wikidata.org/wiki/Q39957	https://godot.date/id/kfwm8cHNTiNBVGxpgJVALX
Ptolemaeus V	11	-0195-10-11	-0194-10-10	https://www.wikidata.org/wiki/Q39957	https://godot.date/id/4p8iHBNuJSW6NKgo6AK9uU
Ptolemaeus V	12	-0194-10-11	-0193-10-09	https://www.wikidata.org/wiki/Q39957	https://godot.date/id/pt8BEzXfasbxtjnuhNE96L
Ptolemaeus V	13	-0193-10-10	-0192-10-09	https://www.wikidata.org/wiki/Q39957	https://godot.date/id/8Lo5QHS4MXGtJVX6ueDMUe
Ptolemaeus V	14	-0192-10-10	-0191-10-09	https://www.wikidata.org/wiki/Q39957	https://godot.date/id/k9uMxFwcqhHyqVG4vcwK86
Ptolemaeus V	15	-0191-10-10	-0190-10-09	https://www.wikidata.org/wiki/Q39957	https://godot.date/id/HnDYeyx7fUe6jUgknSYfEF
Ptolemaeus V	16	-0190-10-10	-0189-10-08	https://www.wikidata.org/wiki/Q39957	https://godot.date/id/bN5VkuhuR8DzEXjpwV4UpE
Ptolemaeus V	17	-0189-10-09	-0188-10-08	https://www.wikidata.org/wiki/Q39957	https://godot.date/id/XomPJKzYUnWbuvGZ9AcKkM
Ptolemaeus V	18	-0188-10-09	-0187-10-08	https://www.wikidata.org/wiki/Q39957	https://godot.date/id/yQyuwHhko3TUuxEUQXhHMV
Ptolemaeus V	19	-0187-10-09	-0186-10-08	https://www.wikidata.org/wiki/Q39957	https://godot.date/id/WwKfHKrHSrZ9uGJrdgXoV6
Ptolemaeus V	20	-0186-10-09	-0185-10-07	https://www.wikidata.org/wiki/Q39957	https://godot.date/id/prUdcDVzHUbGjNd2c4YRrf
Ptolemaeus V	21	-0185-10-08	-0184-10-07	https://www.wikidata.org/wiki/Q39957	https://godot.date/id/Gv5BNWm9LwUPMQDFu87b5n
Ptolemaeus V	22	-0184-10-08	-0183-10-07	https://www.wikidata.org/wiki/Q39957	https://godot.date/id/BeqopAdnrWsRuUr8h5vQZV
Ptolemaeus V	23	-0183-10-08	-0182-10-07	https://www.wikidata.org/wiki/Q39957	https://godot.date/id/YMdsyhGNE5T2TiPRRrwWMW
Ptolemaeus V	24	-0182-10-08	-0181-10-06	https://www.wikidata.org/wiki/Q39957	https://godot.date/id/2rijFZZnEL3asNYPJJSQfF
Ptolemaeus V	25	-0181-10-07	-0180-09-03	https://www.wikidata.org/wiki/Q39957	https://godot.date/id/HBkfsMbH4u9KtYLGguXWyc
Ptolemaeus VI	1	-0180-09-03	-0180-10-06	https://www.wikidata.org/wiki/Q39952	https://godot.date/id/ZJtajB7NqcfofkZyJsqEt2
Ptolemaeus VI	2	-0180-10-07	-0179-10-06	https://www.wikidata.org/wiki/Q39952	https://godot.date/id/3juyZpsVCQPPwoHhJ5gqRV
Ptolemaeus VI	3	-0179-10-07	-0178-10-06	https://www.wikidata.org/wiki/Q39952	https://godot.date/id/ymKADjoTKMzQwpMUt2zNtd
Ptolemaeus VI	4	-0178-10-07	-0177-10-05	https://www.wikidata.org/wiki/Q39952	https://godot.date/id/5FrD3ZLfFqruwiPx52NomP
Ptolemaeus VI	5	-0177-10-06	-0176-10-05	https://www.wikidata.org/wiki/Q39952	https://godot.date/id/GUjFTnsLWhMFkvLQCdC7q5
Ptolemaeus VI	6	-0176-10-06	-0175-10-05	https://www.wikidata.org/wiki/Q39952	https://godot.date/id/aV6DdQz3TvUPeiGR99dW4Y
Ptolemaeus VI	7	-0175-10-06	-0174-10-05	https://www.wikidata.org/wiki/Q39952	https://godot.date/id/GG8vnhmfkh5bSf2haNghfg
Ptolemaeus VI	8	-0174-10-06	-0173-10-04	https://www.wikidata.org/wiki/Q39952	https://godot.date/id/CmK5ZUmLopwzTMhqphu2QZ
Ptolemaeus VI	9	-0173-10-05	-0172-10-04	https://www.wikidata.org/wiki/Q39952	https://godot.date/id/PburZYQNGhSXAvz3aa7U73
Ptolemaeus VI	10	-0172-10-05	-0171-10-04	https://www.wikidata.org/wiki/Q39952	https://godot.date/id/gQ5QS4bhXQygKgyDAH5cMZ
Ptolemaeus VI	11	-0171-10-05	-0170-10-04	https://www.wikidata.org/wiki/Q39952	https://godot.date/id/TYK5LGcsGC8AkgB9EXkBXP
Ptolemaeus VI	12	-0170-10-05	-0169-10-03	https://www.wikidata.org/wiki/Q39952	https://godot.date/id/KunaYeAdSjoYK5vFCCeBPR
Ptolemaeus VI	1 = 12	-0169-05-19	-0169-10-03	https://www.wikidata.org/wiki/Q39952	https://godot.date/id/KQpZjagfAkX8uhAVmVGRWg
Ptolemaeus VIII	1	-0169-05-19	-0169-10-03	https://www.wikidata.org/wiki/Q3350	https://godot.date/id/LMWaSBoc4kqB4CQZu8zvq2
Ptolemaeus VI	2 = 13	-0169-10-04	-0168-10-03	https://www.wikidata.org/wiki/Q39952	https://godot.date/id/dBcyV2s3JBmS4gE4X9V9g3
Ptolemaeus VIII	2	-0169-10-04	-0168-10-03	https://www.wikidata.org/wiki/Q3350	https://godot.date/id/AN8ZviYLjgnvfz4c6Fgd5b
Ptolemaeus VI	3 = 14	-0168-10-04	-0167-10-03	https://www.wikidata.org/wiki/Q39952	https://godot.date/id/kPVxqFiwsyYG3wc4cXE7WS
Ptolemaeus VIII	3	-0168-10-04	-0167-10-03	https://www.wikidata.org/wiki/Q3350	https://godot.date/id/mBtVS3oZJUCnRp75FkfJ9o
Ptolemaeus VI	4 = 15	-0167-10-04	-0166-10-03	https://www.wikidata.org/wiki/Q39952	https://godot.date/id/7yZUxbqPMdkFqGomtfQUf6
Ptolemaeus VIII	4	-0167-10-04	-0166-10-03	https://www.wikidata.org/wiki/Q3350	https://godot.date/id/Xyf3daUmZ8LcHTPLpzVcLF
Ptolemaeus VI	5 = 16	-0166-10-04	-0165-10-02	https://www.wikidata.org/wiki/Q39952	https://godot.date/id/KRgpx5NGbqtXeHeq5YmAJV
Ptolemaeus VIII	5	-0166-10-04	-0165-10-02	https://www.wikidata.org/wiki/Q3350	https://godot.date/id/VAhAbiT8nnEw8U7LcLkxrf
Ptolemaeus VI	6 = 17	-0165-10-03	-0164-10-02	https://www.wikidata.org/wiki/Q39952	https://godot.date/id/QK2w8iComDhvxninZVxpKC
Ptolemaeus VIII	6	-0165-10-03	-0164-10-02	https://www.wikidata.org/wiki/Q3350	https://godot.date/id/Y43xx3BaeyJk3frhDtCMfh
Ptolemaeus VI	7 = 18	-0164-10-03	-0163-08-16	https://www.wikidata.org/wiki/Q39952	https://godot.date/id/4DiQXgfzm22frNUXdWRPqX
Ptolemaeus VIII	7	-0164-10-03	-0163-08-16	https://www.wikidata.org/wiki/Q3350	https://godot.date/id/xLKxtgYeitcKXmQPLy2GPg
Ptolemaeus VI	18	-0163-05-01	-0163-10-02	https://www.wikidata.org/wiki/Q39952	https://godot.date/id/ASWwQkAghKu3e85HvTUcbK
Ptolemaeus VI	19	-0163-10-03	-0162-10-02	https://www.wikidata.org/wiki/Q39952	https://godot.date/id/iEYhYiZEp7iNsQRYwMMrT6
Ptolemaeus VI	20	-0162-10-03	-0161-10-01	https://www.wikidata.org/wiki/Q39952	https://godot.date/id/g3ZQbZTxsCLVeUYgmqeiqC
Ptolemaeus VI	21	-0161-10-02	-0160-10-01	https://www.wikidata.org/wiki/Q39952	https://godot.date/id/chvnbh3xjCo2xG79yShJbW
Ptolemaeus VI	22	-0160-10-02	-0159-10-01	https://www.wikidata.org/wiki/Q39952	https://godot.date/id/fjBKD2ubyYj7H8nhaeqRtC
Ptolemaeus VI	23	-0159-10-02	-0158-10-01	https://www.wikidata.org/wiki/Q39952	https://godot.date/id/tfYdUToGakPByzjMpxbR4W
Ptolemaeus VI	24	-0158-10-02	-0157-09-30	https://www.wikidata.org/wiki/Q39952	https://godot.date/id/7pfv95FgVCXasbVhwcC3eF
Ptolemaeus VI	25	-0157-10-01	-0156-09-30	https://www.wikidata.org/wiki/Q39952	https://godot.date/id/NxukkKvsEj6RTjnxWpiGpb
Ptolemaeus VI	26	-0156-10-01	-0155-09-30	https://www.wikidata.org/wiki/Q39952	https://godot.date/id/nE4frQ6fC9hAPoBPEosAS3
Ptolemaeus VI	27	-0155-10-01	-0154-09-30	https://www.wikidata.org/wiki/Q39952	https://godot.date/id/LHQRXCTqvcQKuWfbuJZeka
Ptolemaeus VI	28	-0154-10-01	-0153-09-29	https://www.wikidata.org/wiki/Q39952	https://godot.date/id/47DN23NisNfPBTCFdT9gzD
Ptolemaeus VI	29	-0153-09-30	-0152-09-29	https://www.wikidata.org/wiki/Q39952	https://godot.date/id/UUheQFvF662cFPgGwKV2Yj
Ptolemaeus VI	30	-0152-09-30	-0151-09-29	https://www.wikidata.org/wiki/Q39952	https://godot.date/id/hjYHXt5fWqkq7gZY6juPAV
Ptolemaeus VI	31	-0151-09-30	-0150-09-29	https://www.wikidata.org/wiki/Q39952	https://godot.date/id/hdbmp72dXigakadkSrW2qT
Ptolemaeus VI	32	-0150-09-30	-0149-09-28	https://www.wikidata.org/wiki/Q39952	https://godot.date/id/e3nB2W7w8VNfak2kAMDVA8
Ptolemaeus VI	33	-0149-09-29	-0148-09-28	https://www.wikidata.org/wiki/Q39952	https://godot.date/id/iHywHqkHyj6d3CCr2qMt5U
Ptolemaeus VI	34	-0148-09-29	-0147-09-28	https://www.wikidata.org/wiki/Q39952	https://godot.date/id/qmQ9PZToUs2mPQeVD6Ck6h
Ptolemaeus VI	35	-0147-09-29	-0146-09-28	https://www.wikidata.org/wiki/Q39952	https://godot.date/id/Bvh69CJ7n9PnNEnL4hDMuV
Ptolemaeus VI	36	-0146-09-29	-0145-09-22	https://www.wikidata.org/wiki/Q39952	https://godot.date/id/yJFT8PK8jGKyntsCqNiyFB
Ptolemaeus VIII	25	-0145-07-01	-0145-09-27	https://www.wikidata.org/wiki/Q3350	https://godot.date/id/3k82GvVEqNuYWYEtsE2MsS
Ptolemaeus VIII	26	-0145-09-28	-0144-09-27	https://www.wikidata.org/wiki/Q3350	https://godot.date/id/S4yBowxMvhSbiwhqummArK
Ptolemaeus VIII	27	-0144-09-28	-0143-09-27	https://www.wikidata.org/wiki/Q3350	https://godot.date/id/uph2pAS4XWmtjNizzMejQV
Ptolemaeus VIII	28	-0143-09-28	-0142-09-27	https://www.wikidata.org/wiki/Q3350	https://godot.date/id/9GfYeyCLkmz39yGA5FmYF6
Ptolemaeus VIII	29	-0142-09-28	-0141-09-26	https://www.wikidata.org/wiki/Q3350	https://godot.date/id/7gJBeZdCHZpjZLoWNPvR6M
Ptolemaeus VIII	30	-0141-09-27	-0140-09-26	https://www.wikidata.org/wiki/Q3350	https://godot.date/id/FccUHbdFkcmihrZjg2QeGc
Ptolemaeus VIII	31	-0140-09-27	-0139-09-26	https://www.wikidata.org/wiki/Q3350	https://godot.date/id/9vyhYdBwai8WKurNDgyJHH
Ptolemaeus VIII	32	-0139-09-27	-0138-09-26	https://www.wikidata.org/wiki/Q3350	https://godot.date/id/WwG8K7HjQ2b5QUssoL25RV
Ptolemaeus VIII	33	-0138-09-27	-0137-09-25	https://www.wikidata.org/wiki/Q3350	https://godot.date/id/3NC9zD7Pk8E94cRFTiHnG9
Ptolemaeus VIII	34	-0137-09-26	-0136-09-25	https://www.wikidata.org/wiki/Q3350	https://godot.date/id/iRCSPX2RtsJaUg8pafSWSd
Ptolemaeus VIII	35	-0136-09-26	-0135-09-25	https://www.wikidata.org/wiki/Q3350	https://godot.date/id/JDrT9xDyVns4LhYu6Spyyn
Ptolemaeus VIII	36	-0135-09-26	-0134-09-25	https://www.wikidata.org/wiki/Q3350	https://godot.date/id/T7Kd5gX66CHUM29f3NH32j
Ptolemaeus VIII	37	-0134-09-26	-0133-09-24	https://www.wikidata.org/wiki/Q3350	https://godot.date/id/TeY28uR3wYk5Bzw4TfzQKR
Ptolemaeus VIII	38	-0133-09-25	-0132-09-24	https://www.wikidata.org/wiki/Q3350	https://godot.date/id/pmTr3ruFixpVCYLombcadQ
Ptolemaeus VIII	39	-0132-09-25	-0131-09-24	https://www.wikidata.org/wiki/Q3350	https://godot.date/id/tNkp8FKENnwiBGFRe5LDW9
Ptolemaeus VIII	40	-0131-09-25	-0130-09-24	https://www.wikidata.org/wiki/Q3350	https://godot.date/id/9L7GMBYWxyFUcMAFrT5W8Y
Cleopatra II	1	-0131-09-25	-0130-09-24	https://www.wikidata.org/wiki/Q40247	https://godot.date/id/7ZrabzEjiQcbHNWo3My85E
Ptolemaeus VIII	41	-0130-09-25	-0129-09-23	https://www.wikidata.org/wiki/Q3350	https://godot.date/id/GeKupvJotHr3LNYMXspHgS
Cleopatra II	2	-0130-09-25	-0129-09-23	https://www.wikidata.org/wiki/Q40247	https://godot.date/id/SUKLKR4MPyX9ALwrnK5uwQ
Ptolemaeus VIII	42	-0129-09-24	-0128-09-23	https://www.wikidata.org/wiki/Q3350	https://godot.date/id/GsGbFendsnGvcP9rKfv6hQ
Ptolemaeus VIII	43	-0128-09-24	-0127-09-23	https://www.wikidata.org/wiki/Q3350	https://godot.date/id/m4iUt7QToCoXgWvhno2nZ5
Ptolemaeus VIII	44	-0127-09-24	-0126-09-23	https://www.wikidata.org/wiki/Q3350	https://godot.date/id/bVDdkNNie3aCnV97tiNhgM
Ptolemaeus VIII	45	-0126-09-24	-0125-09-22	https://www.wikidata.org/wiki/Q3350	https://godot.date/id/WPAet33hSXJRonR73tJ2zF
Ptolemaeus VIII	46	-0125-09-23	-0124-09-22	https://www.wikidata.org/wiki/Q3350	https://godot.date/id/47CwvCLK5DR4BojNq64F3X
Ptolemaeus VIII	47	-0124-09-23	-0123-09-22	https://www.wikidata.org/wiki/Q3350	https://godot.date/id/D4KFJxYKrf6fM6sqwA99YL
Ptolemaeus VIII	48	-0123-09-23	-0122-09-22	https://www.wikidata.org/wiki/Q3350	https://godot.date/id/dNhFz7nJ7GBRRSRF9moUZF
Ptolemaeus VIII	49	-0122-09-23	-0121-09-21	https://www.wikidata.org/wiki/Q3350	https://godot.date/id/2uJUqaftEa7kZs8f8uwhDi
Ptolemaeus VIII	50	-0121-09-22	-0120-09-21	https://www.wikidata.org/wiki/Q3350	https://godot.date/id/6VrAjH8zk6RSynjvAjxzHA
Ptolemaeus VIII	51	-0120-09-22	-0119-09-21	https://www.wikidata.org/wiki/Q3350	https://godot.date/id/j4YxwGLak2G58sYYn4xJZd
Ptolemaeus VIII	52	-0119-09-22	-0118-09-21	https://www.wikidata.org/wiki/Q3350	https://godot.date/id/r53CUUTDrpRxeDSkTtKsFL
Ptolemaeus VIII	53	-0118-09-22	-0117-09-20	https://www.wikidata.org/wiki/Q3350	https://godot.date/id/TKue6nPRemHBamUoFoeXJk
Ptolemaeus VIII	54	-0117-09-21	-0116-06-29	https://www.wikidata.org/wiki/Q3350	https://godot.date/id/RkoWsoguk2wtbSZL8kFavS
Cleopatra III	1	-0116-06-29	-0116-09-20	https://www.wikidata.org/wiki/Q40003	https://godot.date/id/wm5BhGxnrEedeMxtDMW7S2
Ptolemaeus IX	1	-0116-06-29	-0116-09-20	https://www.wikidata.org/wiki/Q3340	https://godot.date/id/n9yP52WyCtKkmMhgyRx3YM
Cleopatra III	2	-0116-09-21	-0115-09-20	https://www.wikidata.org/wiki/Q40003	https://godot.date/id/5tPS8U86NujtCcvE35wQNE
Ptolemaeus IX	2	-0116-09-21	-0115-09-20	https://www.wikidata.org/wiki/Q3340	https://godot.date/id/GV99GCWdautWnKVunecwGE
Cleopatra III	3	-0115-09-21	-0114-09-20	https://www.wikidata.org/wiki/Q40003	https://godot.date/id/xQ5JRYKkCX3smiK33NzaPN
Ptolemaeus IX	3	-0115-09-21	-0114-09-20	https://www.wikidata.org/wiki/Q3340	https://godot.date/id/vgFq8vqttEvfZ8MsSEy9Vc
Cleopatra III	4	-0114-09-21	-0113-09-19	https://www.wikidata.org/wiki/Q40003	https://godot.date/id/u84jUn9XSsMuEHPGwsGtJC
Ptolemaeus IX	4	-0114-09-21	-0113-09-19	https://www.wikidata.org/wiki/Q3340	https://godot.date/id/vopQteyd2pKTvLcFZyQfV9
Cleopatra III	5	-0113-09-20	-0112-09-19	https://www.wikidata.org/wiki/Q40003	https://godot.date/id/24X4yiajQfiRAAAvEkkNfD
Ptolemaeus IX	5	-0113-09-20	-0112-09-19	https://www.wikidata.org/wiki/Q3340	https://godot.date/id/CsfptNE8ujcHj6YLJuhUbf
Cleopatra III	6	-0112-09-20	-0111-09-19	https://www.wikidata.org/wiki/Q40003	https://godot.date/id/RujNKmhrCADXCkFNp776RL
Ptolemaeus IX	6	-0112-09-20	-0111-09-19	https://www.wikidata.org/wiki/Q3340	https://godot.date/id/wcjdmUiTktQPgVSFQM3YtS
Cleopatra III	7	-0111-09-20	-0110-09-19	https://www.wikidata.org/wiki/Q40003	https://godot.date/id/KG5LtgRupT4Z2iPAkq9XfP
Ptolemaeus IX	7	-0111-09-20	-0110-09-19	https://www.wikidata.org/wiki/Q3340	https://godot.date/id/UseDxVWDXmj3FXwUituuPE
Cleopatra III	8	-0110-09-20	-0109-09-18	https://www.wikidata.org/wiki/Q40003	https://godot.date/id/v4YNZ6RBCn6wu33V3Neosg
Ptolemaeus IX	8	-0110-09-20	-0109-09-18	https://www.wikidata.org/wiki/Q3340	https://godot.date/id/B6E6DxQD6gnPqiqUPwhq9j
Cleopatra III	9	-0109-09-19	-0108-09-18	https://www.wikidata.org/wiki/Q40003	https://godot.date/id/fuRoExqYJJ9APhKchTeW4j
Ptolemaeus IX	9	-0109-09-19	-0108-09-18	https://www.wikidata.org/wiki/Q3340	https://godot.date/id/CcBDTok28zabxdySz8XMjh
Cleopatra III	10	-0108-09-19	-0107-09-18	https://www.wikidata.org/wiki/Q40003	https://godot.date/id/yqWetuMMudjZvU5CPYswuT
Ptolemaeus IX	10	-0108-09-19	-0107-09-18	https://www.wikidata.org/wiki/Q3340	https://godot.date/id/ZQ5xV6zxDNFdydukoQqqoG
Ptolemaeus IX	11	-0107-09-19	-0107-11-14	https://www.wikidata.org/wiki/Q3340	https://godot.date/id/VwaMW4N7yQWt9MKEBLyxZ2
Cleopatra III	11	-0107-09-19	-0106-09-18	https://www.wikidata.org/wiki/Q40003	https://godot.date/id/Vp2Lv6Pojg8t7kDEngs7WL
Ptolemaeus X	8	-0107-10-24	-0106-09-18	https://www.wikidata.org/wiki/Q3345	https://godot.date/id/JmEW8bEhZcH3Amzh7GDWmg
Cleopatra III	12	-0106-09-19	-0105-09-17	https://www.wikidata.org/wiki/Q40003	https://godot.date/id/sDsPFfLCJzE6pGph3apRAL
Ptolemaeus X	9	-0106-09-19	-0105-09-17	https://www.wikidata.org/wiki/Q3345	https://godot.date/id/caroy5q8hJizpXdQoJCL8k
Cleopatra III	13	-0105-09-18	-0104-09-17	https://www.wikidata.org/wiki/Q40003	https://godot.date/id/PynE36yX4AG82XpDxmLsvQ
Ptolemaeus X	10	-0105-09-18	-0104-09-17	https://www.wikidata.org/wiki/Q3345	https://godot.date/id/z2X2wjbrnrW4DVxdTesnq8
Cleopatra III	14	-0104-09-18	-0103-09-17	https://www.wikidata.org/wiki/Q40003	https://godot.date/id/3Pd8hf5EfwgxQJsDPi4xT2
Ptolemaeus X	11	-0104-09-18	-0103-09-17	https://www.wikidata.org/wiki/Q3345	https://godot.date/id/y9GUW3vsiLwUtshS9BFXL3
Cleopatra III	15	-0103-09-18	-0102-09-17	https://www.wikidata.org/wiki/Q40003	https://godot.date/id/Gwwy6PgaNnN8GkvTNQNmyW
Ptolemaeus X	12	-0103-09-18	-0102-09-17	https://www.wikidata.org/wiki/Q3345	https://godot.date/id/M4kc9QGQBRuYE2yii7Zu5P
Cleopatra III	16	-0102-09-18	-0101-09-16	https://www.wikidata.org/wiki/Q40003	https://godot.date/id/omje2AfM8GC7ckKFgRWPnD
Ptolemaeus X	13	-0102-09-18	-0101-09-16	https://www.wikidata.org/wiki/Q3345	https://godot.date/id/27HonvHn8viVugLxi82geE
Cleopatra III	17	-0101-09-17	-0101-10-25	https://www.wikidata.org/wiki/Q40003	https://godot.date/id/G24rMm6saEGgEdqo3BQTfY
Ptolemaeus X	14	-0101-09-17	-0099-09-16	https://www.wikidata.org/wiki/Q3345	https://godot.date/id/TavvoV5yc7LnjsugbejPSP
Ptolemaeus X	15	-0100-09-17	-0099-09-16	https://www.wikidata.org/wiki/Q3345	https://godot.date/id/HiWjeyEqTGs72oyhWFoUCV
Ptolemaeus X	16	-0099-09-17	-0098-09-16	https://www.wikidata.org/wiki/Q3345	https://godot.date/id/6r6wbghCNB9GTqGcPa4nYV
Ptolemaeus X	17	-0098-09-17	-0097-09-15	https://www.wikidata.org/wiki/Q3345	https://godot.date/id/eb98VjCTJQP4jJsyWXnat7
Ptolemaeus X	18	-0097-09-16	-0096-09-15	https://www.wikidata.org/wiki/Q3345	https://godot.date/id/RcB5UnfWkM9SrigFSZqWVW
Ptolemaeus X	19	-0096-09-16	-0095-09-15	https://www.wikidata.org/wiki/Q3345	https://godot.date/id/6tFHeuRXX4F9FPoDp5jEz2
Ptolemaeus X	20	-0095-09-16	-0094-09-15	https://www.wikidata.org/wiki/Q3345	https://godot.date/id/abZjgnjM34uwE2c7FZo3nk
Ptolemaeus X	21	-0094-09-16	-0093-09-14	https://www.wikidata.org/wiki/Q3345	https://godot.date/id/RBQ6AjCjJZZ7PnGtsKiq2i
Ptolemaeus X	22	-0093-09-15	-0092-09-14	https://www.wikidata.org/wiki/Q3345	https://godot.date/id/pLg5jj99zzYAYCjeg6p4hR
Ptolemaeus X	23	-0092-09-15	-0091-09-14	https://www.wikidata.org/wiki/Q3345	https://godot.date/id/FrpXhFS38DWUFuAedLz5G6
Ptolemaeus X	24	-0091-09-15	-0090-09-14	https://www.wikidata.org/wiki/Q3345	https://godot.date/id/6jufMMVtNa2ZMnXdTNP4jE
Ptolemaeus X	25	-0090-09-15	-0089-09-13	https://www.wikidata.org/wiki/Q3345	https://godot.date/id/7WFWgwwqPXacD4DK4eoGYP
Ptolemaeus X	26	-0089-09-14	-0088-09-13	https://www.wikidata.org/wiki/Q3345	https://godot.date/id/e7foWcS4BYdj9ztGUzegL8
Ptolemaeus IX	29	-0088-05-12	-0088-09-13	https://www.wikidata.org/wiki/Q3340	https://godot.date/id/ALYptjgEK7ahXnj2xcemNE
Ptolemaeus IX	30	-0088-09-14	-0087-09-13	https://www.wikidata.org/wiki/Q3340	https://godot.date/id/r5k4Qa53Dm2LQqXcGhU2yR
Ptolemaeus X	27	-0088-09-14	-0087-09-13	https://www.wikidata.org/wiki/Q3345	https://godot.date/id/8peVvHXw3FR6tjd5Kt2mXE
Ptolemaeus IX	31	-0087-09-14	-0086-09-13	https://www.wikidata.org/wiki/Q3340	https://godot.date/id/9dvohxtZixPozYRJZsBZfm
Ptolemaeus IX	32	-0086-09-14	-0085-09-12	https://www.wikidata.org/wiki/Q3340	https://godot.date/id/Dmzykujfpv4rjPSBuHBgtd
Ptolemaeus IX	33	-0085-09-13	-0084-09-12	https://www.wikidata.org/wiki/Q3340	https://godot.date/id/urVeRhNEh7w27UBGfFmL6m
Ptolemaeus IX	34	-0084-09-13	-0083-09-12	https://www.wikidata.org/wiki/Q3340	https://godot.date/id/chzBVNFPeVfB9iLFZg7inV
Ptolemaeus IX	35	-0083-09-13	-0082-09-12	https://www.wikidata.org/wiki/Q3340	https://godot.date/id/7jMnxJJ3ZThtdcKEkP3hME
Ptolemaeus IX	36	-0082-09-13	-0081-09-11	https://www.wikidata.org/wiki/Q3340	https://godot.date/id/2fYnu8qmGK8UMcy8RtuYNU
Cleopatra Berenice III	1	-0081-07-09	-0081-09-11	https://www.wikidata.org/wiki/Q231688	https://godot.date/id/oJHeCJJjr5e5z7KFicKH7B
Ptolemaeus IX	37	-0081-09-12	-0080-08-07	https://www.wikidata.org/wiki/Q3340	https://godot.date/id/Jyop4gGtwRCmm7WgaeY8pR
Cleopatra Berenice III	2	-0081-09-12	-0080-09-06	https://www.wikidata.org/wiki/Q231688	https://godot.date/id/SGoxiaQ2sqhqdtQ7vpc7x6
Ptolemaeus IX	1	-0080-01-10	-0080-09-06	https://www.wikidata.org/wiki/Q3340	https://godot.date/id/79G9EwkJuMmF4jyBqsDEJE
Ptolemaeus XII	1	-0080-04-11	-0080-09-11	https://www.wikidata.org/wiki/Q39991	https://godot.date/id/kJoCFGYJvAgB7w7ZszyozK
Ptolemaeus XII	2	-0080-09-12	-0079-09-11	https://www.wikidata.org/wiki/Q39991	https://godot.date/id/ivsbHohpkcdh96JZ7asUaW
Ptolemaeus XII	3	-0079-09-12	-0078-09-11	https://www.wikidata.org/wiki/Q39991	https://godot.date/id/fwjFLQ7bM6vYrRSVU7waPZ
Ptolemaeus XII	4	-0078-09-12	-0077-09-10	https://www.wikidata.org/wiki/Q39991	https://godot.date/id/pa7ifpVwcH2mjGW4mKAncV
Ptolemaeus XII	5	-0077-09-11	-0076-09-10	https://www.wikidata.org/wiki/Q39991	https://godot.date/id/s3naDLyXjQaM2ZQxNzqyjS
Ptolemaeus XII	6	-0076-09-11	-0075-09-10	https://www.wikidata.org/wiki/Q39991	https://godot.date/id/Zy4xwQYiuMNpcFdUZBZt77
Ptolemaeus XII	7	-0075-09-11	-0074-09-10	https://www.wikidata.org/wiki/Q39991	https://godot.date/id/oCC7RqutskSG9kHeqHGebb
Ptolemaeus XII	8	-0074-09-11	-0073-09-09	https://www.wikidata.org/wiki/Q39991	https://godot.date/id/GvDUoC3oQSmV8BweFuzrR9
Ptolemaeus XII	9	-0073-09-10	-0072-09-09	https://www.wikidata.org/wiki/Q39991	https://godot.date/id/T7hwMzb5qW7SQaLGbEmwM7
Ptolemaeus XII	10	-0072-09-10	-0071-09-09	https://www.wikidata.org/wiki/Q39991	https://godot.date/id/hQpJNtuhkgqy96fNBEMK3G
Ptolemaeus XII	11	-0071-09-10	-0070-09-09	https://www.wikidata.org/wiki/Q39991	https://godot.date/id/ShXo2VafTjSisyDeXWwdYa
Ptolemaeus XII	12	-0070-09-10	-0069-09-08	https://www.wikidata.org/wiki/Q39991	https://godot.date/id/Dto5Pp7Bw9Nx5riLhUpPoR
Ptolemaeus XII	13	-0069-09-09	-0068-09-08	https://www.wikidata.org/wiki/Q39991	https://godot.date/id/FogvoNcEuyvmFRproF7u73
Ptolemaeus XII	14	-0068-09-09	-0067-09-08	https://www.wikidata.org/wiki/Q39991	https://godot.date/id/ZLExtg76KWJKPf7pSw7pGc
Ptolemaeus XII	15	-0067-09-09	-0066-09-08	https://www.wikidata.org/wiki/Q39991	https://godot.date/id/HPBS9rWUHeyCdNRPnkc2sc
Ptolemaeus XII	16	-0066-09-09	-0065-09-07	https://www.wikidata.org/wiki/Q39991	https://godot.date/id/5VbgktQkXoNuDv8X9eeBWX
Ptolemaeus XII	17	-0065-09-08	-0064-09-07	https://www.wikidata.org/wiki/Q39991	https://godot.date/id/izickJbPp4UAMyo4aQzbrj
Ptolemaeus XII	18	-0064-09-08	-0063-09-07	https://www.wikidata.org/wiki/Q39991	https://godot.date/id/nRvYt9j7o43EkMz5q2oG9G
Ptolemaeus XII	19	-0063-09-08	-0062-09-07	https://www.wikidata.org/wiki/Q39991	https://godot.date/id/eoLyiypH5hS3DNYDt3vRmA
Ptolemaeus XII	20	-0062-09-08	-0061-09-06	https://www.wikidata.org/wiki/Q39991	https://godot.date/id/TxyYuQHr4EZHDSU9K8WC5J
Ptolemaeus XII	21	-0061-09-07	-0060-09-06	https://www.wikidata.org/wiki/Q39991	https://godot.date/id/qgy3wP8n9MhpjmAGZqVqgg
Ptolemaeus XII	22	-0060-09-07	-0059-09-06	https://www.wikidata.org/wiki/Q39991	https://godot.date/id/xs3kdNrTztNh6EtALPZLTh
Ptolemaeus XII	23	-0059-09-07	-0058-09-06	https://www.wikidata.org/wiki/Q39991	https://godot.date/id/TaseAtSasqBnPzQPuYwGQV
Berenice IV	1	-0058-05-18	-0058-09-06	https://www.wikidata.org/wiki/Q40022	https://godot.date/id/VmKdwbJJNc4t3GEEnqmVR6
Ptolemaeus XII	24	-0058-09-07	-0057-09-05	https://www.wikidata.org/wiki/Q39991	https://godot.date/id/HFpvtzspJnta8GXksvqBBe
Berenice IV	2	-0058-09-07	-0057-09-05	https://www.wikidata.org/wiki/Q40022	https://godot.date/id/HC8fiAbq4UpM2CzuuGWUGF
Ptolemaeus XII	25	-0057-09-06	-0056-09-05	https://www.wikidata.org/wiki/Q39991	https://godot.date/id/9GECoWZdYri4tTEsBVqQNK
Berenice IV	3	-0057-09-06	-0056-09-05	https://www.wikidata.org/wiki/Q40022	https://godot.date/id/dzGyseSL5q8kiVVERUZc22
Ptolemaeus XII	26	-0056-09-06	-0055-09-05	https://www.wikidata.org/wiki/Q39991	https://godot.date/id/deSZMgBgGimVdNndGb5of2
Berenice IV	4	-0056-09-06	-0055-09-05	https://www.wikidata.org/wiki/Q40022	https://godot.date/id/TmSBeFfcCEhpEb7xeV6tL5
Ptolemaeus XII	27	-0055-09-06	-0054-09-05	https://www.wikidata.org/wiki/Q39991	https://godot.date/id/gp8drkBsfjvHmXCQAQugWh
Ptolemaeus XII	28	-0054-09-06	-0053-09-04	https://www.wikidata.org/wiki/Q39991	https://godot.date/id/yBAwruMHmEBtxxP6iXPV82
Ptolemaeus XII	29	-0053-09-05	-0052-09-04	https://www.wikidata.org/wiki/Q39991	https://godot.date/id/s6ZQWqkSNzosJF4SK9rQgd
Ptolemaeus XII	30	-0052-09-05	-0051-03-21	https://www.wikidata.org/wiki/Q39991	https://godot.date/id/5KRNnTjUs9jZb4hPRwP6mb
Cleopatra VII	1	-0051-02-23	-0051-09-04	https://www.wikidata.org/wiki/Q635	https://godot.date/id/wHzJoeHx2ZG75j9KUyLkxD
Ptolemaeus XIII	1	-0051-02-23	-0051-09-04	https://www.wikidata.org/wiki/Q39938	https://godot.date/id/Yus25niVG8SXMPDZf3Z93n
Cleopatra VII	2	-0051-09-05	-0050-09-04	https://www.wikidata.org/wiki/Q635	https://godot.date/id/8VrW3JXbXU4F79fs3nJk8S
Ptolemaeus XIII	2	-0051-09-05	-0050-09-04	https://www.wikidata.org/wiki/Q39938	https://godot.date/id/xEtjTWvfHYyXEhfPqg2sXa
Cleopatra VII	3	-0050-09-05	-0049-09-03	https://www.wikidata.org/wiki/Q635	https://godot.date/id/uHuDRnu9J54K8fdYiQg6Fa
Ptolemaeus XIII	3	-0050-09-05	-0049-09-03	https://www.wikidata.org/wiki/Q39938	https://godot.date/id/Qkqnqft6rfxj2KiR6cmjXH
Cleopatra VII	4	-0049-09-04	-0048-09-03	https://www.wikidata.org/wiki/Q635	https://godot.date/id/5wsYnX8JzpF2b2jGi2uBDg
Ptolemaeus XIII	4	-0049-09-04	-0048-09-03	https://www.wikidata.org/wiki/Q39938	https://godot.date/id/sHCCSZASbvM7fBTxjhNtvX
Cleopatra VII	5	-0048-09-04	-0047-09-03	https://www.wikidata.org/wiki/Q635	https://godot.date/id/sT4HEJCQdZKUQeBpVDoiQo
Ptolemaeus XIII	5	-0048-09-04	-0047-01-13	https://www.wikidata.org/wiki/Q39938	https://godot.date/id/oPMfft6xYHoA9NnoWyTthJ
Cleopatra VII	6	-0047-09-04	-0046-09-03	https://www.wikidata.org/wiki/Q635	https://godot.date/id/AdKELi6gzt8mzNTwyFyRyY
Cleopatra VII	7	-0046-09-04	-0045-09-02	https://www.wikidata.org/wiki/Q635	https://godot.date/id/gifxUxuLW8MeEn27C8ZwLC
Cleopatra VII	8	-0045-09-03	-0044-09-02	https://www.wikidata.org/wiki/Q635	https://godot.date/id/djKJjFycK7NDQaanNymn8h
Cleopatra VII	9	-0044-09-03	-0043-09-02	https://www.wikidata.org/wiki/Q635	https://godot.date/id/UwwkgAaSzfyVdyEaotDtZb
Cleopatra VII	10	-0043-09-03	-0042-09-02	https://www.wikidata.org/wiki/Q635	https://godot.date/id/V32CYpuyvC4JX6PwHovQnE
Cleopatra VII	11	-0042-09-03	-0041-09-01	https://www.wikidata.org/wiki/Q635	https://godot.date/id/i4QuL5ZqxWAkbN5vUREsMc
Cleopatra VII	12	-0041-09-02	-0040-09-01	https://www.wikidata.org/wiki/Q635	https://godot.date/id/tnjYFSRwc7XMAAu5Uaws9T
Cleopatra VII	13	-0040-09-02	-0039-09-01	https://www.wikidata.org/wiki/Q635	https://godot.date/id/wU6RTDanMnbiqZD83rYikn
Cleopatra VII	14	-0039-09-02	-0038-09-01	https://www.wikidata.org/wiki/Q635	https://godot.date/id/VPHi5K5EbW7kxJR5npGZ32
Cleopatra VII	15	-0038-09-02	-0037-08-31	https://www.wikidata.org/wiki/Q635	https://godot.date/id/3bwwxxPY3RwMFsTb3Nueth
Cleopatra VII	16	-0037-09-01	-0036-08-31	https://www.wikidata.org/wiki/Q635	https://godot.date/id/aicfjkmmtBYgYmTHApFMFb
Cleopatra VII	17	-0036-09-01	-0035-08-31	https://www.wikidata.org/wiki/Q635	https://godot.date/id/FgK2XjHgTnCPRxdd9d3GG2
Cleopatra VII	18	-0035-09-01	-0034-08-31	https://www.wikidata.org/wiki/Q635	https://godot.date/id/Py2WP6ze5oFsxiWX8TNVzY
Cleopatra VII	19	-0034-09-01	-0033-08-30	https://www.wikidata.org/wiki/Q635	https://godot.date/id/TW2VUszVz2795FbkoHjpcJ
Cleopatra VII	20	-0033-08-31	-0032-08-30	https://www.wikidata.org/wiki/Q635	https://godot.date/id/U2ZXLcCpNMfVFGDVGePefD
Cleopatra VII	21	-0032-08-31	-0031-08-30	https://www.wikidata.org/wiki/Q635	https://godot.date/id/t9PsKpbH4oYcb24vpenfyV
Cleopatra VII	22	-0031-08-31	-0030-08-30	https://www.wikidata.org/wiki/Q635	https://godot.date/id/PQDtBFuYHsZSTNx7pCCUHi